# Resource object code (Python 3)
# Created by: object code
# Created by: The Resource Compiler for Qt version 6.11.1
# WARNING! All changes made in this file will be lost!

from PySide6 import QtCore

qt_resource_data = b"\
\x00\x00\x80\xea\
\x00\
\x02\xa9gx\xda\xec]\x05\x5cTK\x17_\xc4\xa7>\
\x95FJ$\x15Q\x04A\x10AA\x11PP\xb1\xf3\
\xd9\x9d\xd8\xdd\xd8\xd8\xad\xd8\x8a\xdd\x88]\x80]<\x13\
E1\xc0 \x05\xa4\xa4a\xbe{fg\xf1\xb2l\xdc\
M\x16\xbe7?\xcf\xcf\xbb\xcb\xde\x9a8s\xf2\x7fX\
,%\xd6\xdf,uu\x16\xf5\xbf\x09klU\x16k\
\x07\x8b\xc5\xd2\xd3c\x7f\xf6\xff\x9b\xc5*\xa6\xbe31\
a\x7f>A\xfdn\xa5*\x8bekK>7`\xb1\
l\x8cY,77\xf6gKw\x16\xeb\x9d'\x8b\xe5\
\xedM\xce\xefE\x9d\xbf\x92\xc5\x1a:\x94\xfc~\x1bu\
\xfeG\x16\xcb\xcf\x8f\xfc\xbe\x86\x12\xcbf\x8a\x12\x0b\x1a\
|\xd6\xb0c\xb1\xfa\xcc\xa9\xc2\xb2\xa4>S\xb7\xa2\xbe\
a\x7f\x8f\x1b\xf5\x1cZ\xb5\xd8\xc4i\x1a\x1a\x1a%\xa4\
\xa5\xa5UUMM\xcd\xabV\xadZ\xc7TUU\xbf\
kii\x16\x00\xc11\xf5\xddq\xeao\xde\xd4o\xfe\
\xa2\x9fC#\x1duu\xf5M\x06\x06\x06\xa9\xdd\xbav\
A\xeb\xd6\xaeAgN\x9f\xc2\xb4n\xdd\x1a\xd4\xad[\
\x17T\x97\xfa\x1b\xf5\x9b\xcd\xd4ou\xb9\xcf\xa5\xe8<\
u}\xd4\xaa\xa53\xfa\xf1\xe3;\xe2n\xb1\xb1\xdf\x91\
\x8bKK\x04\xbf\xa1~\x1bD\xbbFU\x8a6Q\x04\
\xdf\xa3:u\xea\xa0\xfd\xfb\xf7\x959\xff\xe0\x81\xfd\xf8\
o\x9c\xdfQ\x04\xcf\x01\xef\xd2\x9e\xa2\x14\xce\xf7p}\
\xa7\x16-\xd0\xd7\xaf1%\xe7~\xfb\xf6\x159;;\
!UU5\xfa\xf9\xa9\x14ySt\x94\xf6]\xc95\
\x16-Z\x80\x12\x13\x12Pbb\x02\xf2[\xbc\x08\xa9\
\xab\x97:\x97C\xc7)\xfaJ\xf5\x09>\x87CT\x7f\
#s334{\xd6\x0cL\xe6\xe6f\xf8;\xfao\
\xe0\x1c\xea\xdc\xef\x14\xe5[4\xa8\x8flm\x9b\x22\xdb\
\xa66\xf8\xffF\x8d,q\x7f\xa7\xa4$\xa3\xd4\xd4\x14\
\xd4\xa3{7\xd4\xc8\xb2a\xa9\xdfX4h\x00\xe7\x17\
hjj\xe6\x05\xec\xdc\x81\x12\x12\xe2q\xbf\xc7\xc6\xfe\
@o\xde\xbcB\xf3\xe6\xceB\xc9\xc9?\xf15\xe6\xcd\
\x9d\x8d^\xbf~\x85\xff\x06\xbfI\x88\x8fG\xbbv\xed\
D\xd4\xb9\xd4\xdcP\xf9\xbav\xed\xea2\xfd}\xea\xe4\
q\xd4\xb3gwL'N\x1c+\xf3\xf7\xf5\xeb\xd6\x22\
2\xaf\x8et\xe9\xec\x83\xb2\xb22K\xfd}W\xc0N\
\xfc\x8e\xd0o;wn/\xf5\xb7\xdf\xbf\xb3P\xd7\xae\
\x9d\x11\xccS\xaa/\xda\xe9\xeb\xeb\xa5\x9c>}\xb2\xe4\
\xef\x9f?\x7fB\x0e\xf6\xcdJ\xfa\xca\xbe\x99\x1d\xfa\xf4\
\xf1c\xc9\xdf\xcf\x9e9\x8d\x0c\xf4\xf5S\xa9\xf1\xf4\x82\
9\xaf\xa2\xa2\xb2\xd1\xc1\xc1\x1e={\xf6\x14\xff}.\
\xf5\xbed\x9e\x95\x8c\xe7\x9c\xd9\xb3\xf0\xdf\xc2\xc3\x9f\xa1\
\xe6\x0e\x0e\x88:g\x13\x9cK\xe6`\x1d\xea]\xce:\
:6G+V,C\x0d\xea\xd7\xe7\x8c\x0f&8\xae\
_\xdf\x1c\xff\xadE\x0bGx\xef\xf3d\xce\xd3\xd7\x00\
\x5cc#\xf5\xdb\x14\x1e\xf3\x84s\x1d\xea\x99U7\xf1\
8\x97E[\x0b0\x9f\x8f\xc0\xbc\xa2(\x0f\xe6\x079\
>J\xfeV\x95~\x8e\xa4\x0d\xf8\x0c\xc5\xeaX\xb6t\
>\xf3wY>Co\x5c\xcf\x0ck\xd0\x99\x22\x7fu\
u\x8d\xc7T_'\xab\xaa\xa9\x15\x02Q\xc7)\xf0\x1d\
\xf5\xb7\xd5\x14\xb5$\xbf\x15\xf8\xec\x5c\xd7nJ\xd1^\
\xea:\x09\xb0~tttP\xc3\x86\x16x>\x00\xc1\
\xb1.\xf5\x1dY[\x89\xd4o\xf7Sd\xcb\xef\x1e\xb4\
\xef\x95)\x1aFQ\x0c\xb5\x06\x90\x9d]Sj~\xcc\
D\xd7\xae^FQQ\xefQ||\x1c&8\xbev\
\xf5\x0a\x9a;g\x16jfg\x0b\xeb\x05\x91\xb1\x18A\
\x1f\x07\x1e\xd7\x9eA\xd1o\x987\x14\xcfD\x97.^\
@\xc2\xda\x95\xcb\x17\x91a]\x03\xce\xbc\xfbM\xd1,\
\xee\xb1&4\x8c\xfc\xbddnO\x9c8\x01\x15\xe4\xe7\
\xf3\xbdvAA\x01\x9a2yb\xa95A\xae1\x82\
G\x7f\xc7p\xcdYT\xaf\x9e!\xbay\xe3\x1a\xdf\xeb\
\xdf\xbeu\x03\x19\x19\xd5+\xb5f\x08}\xa5\x8d\x07\xbc\
\xcb\x1e^\xeb\x02\xc6\x0f\xf6\x9c\xf4\xb4\xb42\xd7\xceH\
OG=zt\xc3\xbf\xe1\xb3\xae\xf6\x93y\xd5\x82\xa2\
\x04~kO[[\x0b\x1d\xd8\xbf\xb7\xcc\xf5\x0f\x1d\xa4\
\xf6\x15mm~\xd7\x06J$sw\xa5\x80\xdf\xe0\xbd\
\xc5\xd9\xa9\x05\xfaB\xf1\xae\x9f?\x93\xd0\xcf\xa4D\x14\
\x1d\xfd\x19\xef\x87\x02\x9e\x9dC\xb0>\x1e\x0a\xf9\x0d\x9e\
\x7f\x9e\x9e\xee\xd4~\xd0\x05u\xa7\xf6\x87v\xd41\x99\
\x93\xc2\x08\xd6`\x12g\xbe\xf0#\xf8\xfb\x98\xd1#Q\
\xe4\xbb\xb7(2\xf2-\x1a;v4br\x0e\xd9\x7f\
\xf3u\xa8\xfd\xd9\xc6\xba\x09\xb2\xa3\xf6\xa7RD\xad\xaf\
&V\x8dQ\xe3\xc6\x96\xe8=u]N\x8b\xfa\x10\x89\
\xbf\xb7\xb2j\x84\x7f\xc3}\x1e\x5cKG\x07\xef\xf9\xc0\
K\xf2\xad\xa9\xcf\xcf\x9f\x87\xa3\xf8\xb8X,Op(\
.\x8e\xbd\xe7\xf9t\xf2Fo#\xde\x94\x5c\x1f\xde\x03\
\xbe{\xfd\xfa%\xfeM\xe9sb\xd1\x0b\xeaZ66\
\xd6\xf0\x1ep\xfd$\xd8\x87\xa3>\xbc\xe7;\xcf\x97-\
]\x8c\xc6Q}\x02}\xf3>\xf2\x1d\x1a?n\x0c\xf2\
\xf3[\xc8\xf7\xf7\x1f?Fa\x1e\x05<\x91z\x87\x07\
\xf0.\x97/]\xe4\xfb{\xbc\xd7\xf7\xe8\x8a\xe5\x85\xfa\
\x14u\xeb\xd6\x19\xa5P{8\xbfv\x95\xe2W\xc0\x13\
\x09\x8f]\x01\xf3l\xe6\xcc\xe9|\x7f\x0f\xf3\xd1\x89\xbd\
\x7fartt\xc0\xf3\x95_\x03\x9eH\xe6\xae?\xac\
/\xea=\xe2\xa1\xbf\xa2\xa2>\x94\xf9mqq\x11Z\
0\x7fn\x99}\x17xgqQQ\x99\xdf\x7f\xfa\x14\
\x85e\x19\xc2\xb7\x9d\x09\x7f\xd8\x0d\xe7\xcc\x98>\x15\xf3\
,z{\xf2\xf8!\xde\x83\xb9\xf7e\x90\xb3\x1e=\xbc\
_\xea\xb7\x85\x85\x05h\x16%w\x91g\xd9G\xdbw\
\xac\xa9s\xa2\x0d\x0c\xf4\xf1\xba\xe7\xb4\x9c\xecl4d\
\xf0@\x9e\xeb\x14\xbe\x1b8\xb0?\xca\xce\xfe]\xf2\xfb\
\xc3\x81\x07Q]6\xaf\x8e!<\x93\xceC\x87P\xf7\
\xcd233\xc5\xf7\x80~9\x7f\xee\x0c\xd2\xd3\xd3\xe5\
\xc5\x1f\xf1w\xba\xba\xba\xe8\xcc\x99S\xf8\xb7pms\
\xea\x5c\xea\x1a\xbf\x09\xaf\xe7\xe6\xff\xb0\xbfL\x83{\xc0\
\xde2\xd1w<j\xd3\xda\x95[\xb6-\xfd\x0eT?\
\xb8\xba\xb6B\x93\xa8}\x02\x9e\x9b\x5c{&\xb9\x16\xbf\
=l\x08\xf4\x15\xbc?\xaf\xe7\xe6\xf5\x1e\xe4\xb71\xe4\
\xb9\x95\x85\xec\xc1@60\xe6\x14\xc53\xe0a\xc0\xdb\
\xf7r\xf77\x03\x19\xa2*\xd9\x1bV\xc0\x1a$|0\
\x9fP\x12\xe1\xbb\xc0\xdb\x9d\x04\xc9V1\xac\xea\xac0\
\x962\xcb\x8f\xa5\xc4\x92V\x83k\xc15\xe1\xda\x96D\
\xd7s\xa3\xcba\xea\x82\xe50>\xef\x0b\xa4DQC\
\x8a\xc6Qt\x92\xa2H\x8a\xd2\x81\x8f\x12J'\xdf\x9d\
\xa2h<E\x96\x14U\xe1\xbe\x0e\x93\xc6\xe3\xbe\x0e\x14\
m\xa3\xe83\xe8'\x9cyA\xc9\xdb\xa5\x886\xaf\x0a\
(\xfaB\xd1v\x8a\x1c\xc95\x18=\x03\xd7\xbdu\xc9\
\x18'p\xee\x09{\xa3\xa5\xa5\x05\xf2\xf6j\x87F\x8e\
\x18\x86\xa6M\x9d\x84i\xd4\xc8a\xa8\x83w{\xacS\
\xc1oh\xcf\x02\xbch\x15Ez\x22\xce\xb1f\x14\x85\
r\xe6*\xac\xb1\x9e\x94\xcc\x12xh?\xfa@\xedq\
Y\x99\x19\xa8\x88\xc6\x03\x81\x1f\xc2w\xb0\xff\x1d\x0e<\
\x80z\xf7\xea\x8e\x0c\x0d\xeb\xd2\xe7\xfa\x1d\xd2\x8f,\x06\
k\xc8\x95\xa2wt\x9e;k\xe6\xd4R\xfcJX\xcb\
\xc9\xc9\xa6\xf8\xf4\x0cn\xf9\xf0=Em\xb8\x9f\x81\xc7\
{\xbf\xe3\xd6\x9d\xdd\xdd\xdd(\x1d3\x8e\xf1\xfd\x13\x13\
\xe3\xb1,\xc3u\x7f\xce38\xf0\xd1\x95`\xbcCx\
\xf2\x0aj,\xd7\xaeY\xc5\xf8\xfe\x1b\xd6\xaf\xa1\xce\xe3\
\xcb\xe3\xeep\xcf\x072G\x97\xf3\xe3U\xf0\x1e \xd7\
DP2\x89\xb0\xf6\xee]\x04%\xe7X\xf1zw:\
\xf9s\xad\x0b{a<\x13\xe6\xf4D\xdfq\xd4>\xca\
_/(\xc4z\x81/\x13\xf94\x91\xacM\xce\xbbo\
a\xb2\x1f\x18Qz\xc3\xad\x9b\xd7\xf9\xde?4\xe4&\
2\xe6\xad7\xf0\xa2\xed\x84GYP\xf4\x89\xc1\xef\xf1\
{\x81\x9c\x9c\x9e\xceC\xaf\xc8HG\xbdzvg\xf2\
\xee\x1c\xfaB\xf8\xe4h\xb2w0:O\x9b\xd2-\x0e\
\x1e\xd8G\xad\xffB\x94\x98\x10\x8f\x09\x8ea\x9f\xafS\
G\x9b\xe9\xbd9|\x12x\xf51\x11\xce\xc1\xf3\x0at\
\xd7\xc1\x83\xfa\xa3\x16\x94\xbc\x074h\xe0?\xc8\xde\xde\
N\xd8\x9c\xe3E\xb0_D\x88x\x0e\xa6\x1e\xdd\xbb\xa2\
#\x87\x0f\xa2\xa3\x87\x0f\xa1\x9e=\xbb!q\xaeA\xf6\
\xacT\xce\xfc\x12\xa4\x97\xd0mq\xc0_SR~\x96\
\x92\xb3\xfb\xf6\xe9U\xc6&\xc7\x8fh\xf3\x13\xf6\xcd|\
<\xb7\xa9y\xdb\x8c\xd2Y\x04\x11\xack\x18c\xe0\xf1\
\xdc\xed\xf8\xb1\xc3H\x87\xfa\x1b\xfcF\xd8uh\xba5\
\xec\xdd\xf9\xb0\x7f\xc2\x1e\x06:M\x5c,o\x02\x1d\x09\
\xf8Os\x87f\xd4\xfc+\xab\xf7\xc2X8\xd8\xdb\xa2\
7\xaf_\xe0\xdf\xf2\xbb\x0e\xdcc\xcc\xe8\x11x\xcf&\
\xf7O\x85\xe3a\xc3\x06cyUP\x83}n\xec\x98\
\x91\xa8k\x97N(99\xa9\xe4{\xb0I\xc2\xba\x84\
w\x80\xb5 \xb8\x15\xe3\xdf\x91\xfbC\xff\xbf\x81q\x83\
\xfd\x02\xd6\xb0\xb0\xf6\xea\xe5sJ/w\xc4\xf3\x0f\xf6\
c\x18\x0bX\xf7-Z8`\xfdOX\xcb\xa4\xf6i\
\x90\x1f\x08\x9f\x80\xf9w\x0c\xc6\xc2\xc2\xa2>\xa5_F\
0\xda_\xae\x5c\x0eF\xfa\x1c\xf9\x9f\x22=]\x1dt\
1\xf8<\xa3s?\xbc\x8fD\x96\x94\x0eI\xc6\x1f\xd6\
\xdf(\x98\x03\x9a\xd4|\xdc\xbfo\x8f\xd0\xf3\x8b\x8b\x8b\
\x91\xdf\xe2\x05\xf8\xbet\xde\xbcp\xc1\x5c\xa1\xe3\x07\x0d\
\xfa\x8c\xd8\x18\x0a\x88<\xd9\x80\xa2\x8fl\x9bMg,\
\xc7\x08jO\x9f<B\x0d\x1a\x94\xd5\xdb@\xbf}\xfc\
\xe8\x81\xc0s\xc1N\xdc\xf3\x8f\xed\xe73\x91ia\xff\
\xd9\x0c\xd7\x00\x9d\xea\xfc\xb9\xd3\x02\xe5\x9aaC\x07\xf1\
\xd5\xeb\x80'\x0a\x92\x93\x82/\x9cC\xfa\xfaz\x9cg\
\xdfF\xdb\x83A\xee\x89\x87k\xb4m\xdb\x06\xfd\xf8\xf1\
\x8d\xe7\xf9AAg\xe9\xe7\x97\xd9\x1f\xe1\xf9\xcf\x9d=\
\xc5\xf3\x5cX{\x9e\x1em9\xcf\x9e\xc0C\x0eZ\xca\
\xbe\x8e\x1a\xf2\x9d0\x0e\xf7\x15\xbd%\xffLB^\xed\
=\x05\xeeo\xf07\xb8GRbB\xa9s\xa1O&\
O\x9a@\x7f\xee\x95\xdcr9\xb1a\xdfRWg\xdb\
\xd6\x16.\x98W\xea\x19\xb6n\xd9H\xcd\x1bf|}\
\xd3\xc6u\xa5\xee\xbdx\xd1\x02\xbco\x92\xfb\x87\xf2\xf0\
7q\x08l\x8bo\xe1w\xf0\x0c\xd0\x0f\xc0\xaf>F\
\xbd\xc7\xf6#&\xfb\x1b\xfc\xa6\xa9\x8d5\xb5\xce\xdea\
\x99u\x12\xf5\xde\xb4{\xbf#c-H\x06n\xc5~\
\x06\xf6X@\x7f\xc2\x9ce(\xd3\x94\xcc\x05\xb0\xe9\x01\
O\x83k\xd0\xee\xed\xcaP\x07\x80~\xb8E\xb7\xd5\x89\
\xba\xb7r\x9d\x17\xc2\xeb\xbd\x85\xe8@0\x1f\x961\xd4\
\xe5\x05\xe9\xf8+\xb8\xc7[D\xdd\xb7\x19\xf1\x0d~d\
(\xa7\xe5\x13yr\x0b\x91\xab\x95$\xd4\x8192r\
\x03\x22+\x82\xbc\xf6\x86\xc8-\x1c\xbbC*\x91\xa3\xc0\
\x7f8\x86\xc8\xb4JL\xf4\xef\x5c\x16\xcb8\x8d\xc5R\
\x8ba\xb1\xaa\x87\xb1X\xca\xd8\x8d,\xa3\x06\xd7\x86{\
\xc0\xbd\xe0\x9epoK\xe2+\x1aJ\xb7S\xd4gf\
\xa7\x10\xa1\xff\x80j\x91\xf1\x00\x99\xf7\x00\xb1a\xff \
~\x0b\x8e\x1d\x03\x8ec\xc9\xdf\x0eR4\x81\xf0\xc9\xda\
\xbc\xae)\xed\xc6\xe7\xb9a\xdc'Qt\x8d\xac\x85\x02\
\x11e|8\xe7:ESD\x99\x17Rx\xf6\xc6\x14\
\xad%z\x0eO\x1e\xa5\xa6\xa6Ndj6\xb1y\x86\
\xba ^\x07\xb6\xc0\xf5\x145\x91\xe6;p]K\x8b\
\xf8\xca\xa2y\xf14,7\x82\x1f\xae\xae>j\xdc\xa8\
!rln\x8f\x5cZ\xb5\xa0\xc8\x099:\xda\xe3\xef\
\xe0o\xa0\xff\xc3o\xf9\xf0Nx\x8f\xb9\x14iK\xfa\
\x0e\x5c\xcf\xeeH\xc6\xba\x98\xdb\x8e\x0a\xfb\x99\x03\xa5\xa3\
\x8d\x1b;\x12\xed\xdf\x1b\x80\x1e\xdc\x0fC\x9f?}\xa0\
\xf6\xeax\xec\x13\x00\x82c\xf8\xee\xe1\xfd;\xe8\xc0\xbe\
]h\xc2\xb8Q\xd4\xfb5Cu\xa8sy\xd8m\x8b\
\xc9\x1e\xe1,\xeeXp\xf1\xb7~\xbc\xfa\x1cl\xeb\xbd\
zvE'\x8f\x1fF?\xbe\x7fe \xdf\x97\xd6\x17\
bc\xbf\xa1S'\x8f\xa2>\xbd\xbb\xa3\xba\x06\xfa\xbc\
\xc6\x02|\x8a\x03\xb8\xed\x95\x22<\xbb2\xe1\x13\xbf\xb8\
\xe7\xb7\xa1\xa1\x01%\xef\xeeE\xd9\x5c\xb2\x948-\x87\
\x92c\x8e\x1d9\x80\x8c\xea\xd5\xe5\xb5>\xd2\x08\x8f\xa8\
*\xe2\x1e\xa7D\xf8a&O[\x83\x96\x16\x0a\xd8\xb9\
\x05I\xab\xed\xdb\xb3S\x90o4\x8b\xa2\xc9\xf4q`\
0\xdf\xfbr\xf7{\x19[E\xb3\xa6\x94\xfc\x16)\xf1\
\xb3\x7f\xf9\xfc\x11\xaf\x05!\xb2P\x1a\x99KLd\xac\
\xe6\xbc\xe6{\xd9wPE\xb3gM\x13i\xde\xf3\xf6\
\xa5\xcdb*\xc7}\xe5^\xd3<\x9e_\x93\xecG\x8c\
dQ33\x13\xcco\xc4mO\x1e\xdfG\xf5\xeb\x9b\
\x89\x22\x03\xdf\xa2\xf3V\x1e}\x0f\xbe\xaa\x22\xa6\xfb(\
\xf0\xbe\x01\xfd\xfbP\xfaH\xa6X\xebv\xc8\xe0\xfe\xa2\
\xd8\x059\xbcu\x1e\x1fy\xa0\x11\xbf=\x95\xff\x18h\
 ]]\x1d\xcc\x07Em\xe7\xcf\x9e\xfcck\x10M\
\xf6\x8e\xe1\xb5O\x93\xd8\x04\x91ey\xe8?\xf7\xb6\xad\
)\x9d*\x96\xf1\xb3\xffLJ@\xed=\xdb\x8a\xda\xf7\
t\xda\xc0%/\x99\x13\xbb\x81\x98\xd7SG\xeb\xd7\xf9\
3~\xfe-\x9b\xd61\xd6y\x05\x8c\x81\x05\xed\xf9'\
Hp-\xcc?l\xac\x1b\xa3wo_3\xb03\xbd\
E\xb6\xb6\xd6b\xe9\x8e\x5c4\x85<{M\x8a.K\
x-<\x17\xa6L\x1a/\xd8\x8fQX\x80fL\x9f\
\x8c\xd4\xc4\x9f7t\xbaN\xf4\x07[\xa2[Ht=\
X\x87\xe0\xe3\x08\xbd}\x83\xd8\xa4~\xa3xjM\x80\
\xcd5\x87\xd8\x9e\xee\xdd\x09A\xa6&F\xe2\xacY^\
\x14Ot \x91\xfc\x14\xc2\xc6\xa0K\xe7\x0eh\xfb\xd6\
\x0d\xa8g\xf7.\xc4.m\x83\xbaw\xf3A\xdb\xb6l\
\xa0\xfe\xef,\xc9\x9a\xe5\xa5\x03M q\x01H\x9a\xa4\
\xaa\xaa\x82\xe3\x89l\x9bZ#;j\xae\xeb\xea\xd6\xc1\
\xdfI\xfb>D\x17\xbd'\xddk\xaa\xa3\xee]}\xd0\
\xcd\xebWP\x1c%#\x03\xdd\xbey\x15\xf5\xec\xd1E\
\x90\xefR\x5cz\xccD\xd6\x11\x85\x0fu\xeb\xda\x89\x9a\
\xf7?x\xf8~\xe3\xa8w\xe8*\x0d\xbeC\xa7X\xe2\
+(c\xdf\x12\x95`M\xea\xeb\xeb\xa2kW\xf9\xc7\
m\xdd\xbey\x0d\xeb*L}R\x02\xe2\xe8\xe8\xb1\x99\
\xb9\x9c\xcf \x0b\xc0|mno\x8b}6L\x08~\
k\xdb\xb4\x09\xd6\x09\x9a\xdaX\xa1o_\xbf\xf0}~\
\x98K\xf6\x94\xdc\xad\xa5\xa5\x89\xcf\x11\xe5>@\xec\xb5\
\xa4C\x7f\xfeB\xce\xf3\xc3\xbb\x81\x1e\xfb6\xe2\x15J\
L\x88\xc3s\x80\x09\xc1o\xdfF\xbc\xc0\xcf\xd5\xc4\xaa\
\x91\xd0\xe7\x87ghj\xd3\x04\xbdy\xf5\xafH\xf7\x01\
\xf9\x04\xf6G\xb0\x0b\xd0\xc6\x81\x13#S\xf2\xfcpM\
Q[~~.\xea\xdb\xbb\x07\xd6\xc7\xaf^\xe6\x1f\x03\
|\xf3\xc6\x15\xcc\x97zt\xef\x8crssD\xbe\x0f\
\xc4\x9ar=\xffo\xce\xfae\xfb\xaa\xcc\xd1\x07Z\xdc\
\xa5(\xed\xc0\xfe\xdd\xd8&\xdd\xd9\xa7\x03\xeeg\xee\x06\
\xfd\x07|\x09\xf4\x9e=\xbb\xb6\x8bu\x8fO\x1f\xdf\xa3\
\xc6\x8d,\xb0-\x89<?\xd8\xf9\xee\xe2\xe7\xa7\x08|\
(a\xa1\xb7\xc4\xbavjj2\xb6%\xa8\xa8\xd4\xc6\
\xef\x00\xe3\x00s\x09\xe8:\xb5\xa6\x81/\xc1\xdf\xa0\xef\
\xe9>JQ\xda\xfd{a%\xeb\x9f\xc6?w\xfd\x91\
\x01\xd4(\xbd|\xab\xd8\xfa\x14\xd8x\xe0\x1d8>\xa3\
\xa66\x8d\xf1\x9af\xcb\xf9jx\x0f\x88\xfa\xf0N|\
=\x7fo@)\xff \xb1\xb7\x8e\xe4\xc8\x0f`\x17\x1b\
9b\x08\x96\xb3\xc4m\xa1!\xd7\xb1}\x85\xce#\xd9\
\xf1\xf1\xfa\xd4\x9evY\xec\xeb\x82\x9e=n\xccH\x8e\
\x7f\x98\x1e'\xd1\x94\xcc#|/;[\x1b\xf45\xe6\
\x8bX\xf7\x8059z\xe4P<\xc7\xcb\xecm\x94\xdc\
3l\xe8@,\xd7\x89\xd3\xc0F\xe6P:\x16#\x9e\
\xd8\xbdA~\xbe\xc8\xb9\x0f\xf0\xe6\xc3\x81\xfb\xc5\xba\xc7\
\xa5\x8b\xe7\xb9\xe7g)\xf9\x14\xf6\xb7\xa0\xf3\xa7\xc5\xba\
\xf6\x89c\x81\xd8VI\xbb\xe65\x9a\xfd}\x1c\xc7\xb6\
\x09\xf2!\xc4\x01df\xa4\x89t}\x88\xdb\xe8\xd8\xa1\
\xbdP?\xa6W;w\xac?\x8a\xd2~geb\xd9\
\x83\xeb\xda\x93h\xfa\x97\x19\xf1#a\x9d\x1c\xfc\xf6\xe7\
\xce\x9c\x10\xe9\x1e\x01;\xb6\xe0\xb1\x13\x1e\xdb\xaf\x81\xb6\
nY/\xd2\xb5\x83/\x9c\xc5cG\x1b\xd7/\xc4\xff\
@\xd7\xdfW\xd2\xfb\xa9\x1d\xa5_3\xdd\xcb\x80\xef8\
0\x8c\x13\xe2\xac1\xa6|\xe8\xe7\xcfD\xd4\xc1\xbb\x8c\
\x7fz-\x0f\xfbC\xc3\xd2\xf1^\xeah\xa9\xdf\x02\xa1\
\xf6\xb5b\xea\xef\xf3\xe6\xce\x10I\xae\x84\xf5=s\xc6\
\x14T$\x84\xcf\x81}n\xe5\x8a%\xdc\xe7G\x13\x1f\
\x0a/\x1b\xd04\x8e\xfd\x8a\x13\x17w\xee\xecI\x81\xf7\
x\xf4\xf0.277\x15\xd9\x8fljj\x8c\xee\xdd\
\x0d\x11:oL\x8cK\xe9\x9b\xb0Fg\x0b\xf0sC\
\xbbR\xda\xae`E\xdd'\x94\xe7\xf5\xc1~>h`\
?\xb1tB8\xa7_\xdf\x9e|\xe3J\x1e>\xb8\x8b\
\xf57\xaeq\xbdA\xfc@\x82l\xb8\xf6\xf4y\x04\xfe\
+\x98\xdb\xf7y\xbc\xc3\x99\xd3\xc7\xf1Z\x17G\x1f\x07\
>\x01\xb2\xdcq\x8a/\xf2zv\x90\xd3\xb8\xfa%\x9a\
\x16[)\xcc\x06\xdd\x8b\x9e\xeb\x0a\xef\x00\xe3\x00s\x89\
\xb3\x1e`m{\xb8\xb7\x91H\x1f\x87s\xdb\xb4n\x85\
\xe2\xe2\xbe\x97\xcc\xf7\xe0\xa03\xb8\xdf\xb9\xae\xfb\x8b\xf8\
\x81\x98\xc6\x09(\x11\x7fw:}.\x19\x19\x19\xa2\xa5\
K\x16\xe2g\xdf\xb8~\xb5tt@j\xec\xd6\xac^\
\x81}d+\x96\xfb!c\xe3z\xdcs&\x93\xd8\x19\
\x94D\xf4\xc1T!\xef\x90B_w\xf0\x7fkWg\
\xd4\xd0\xa2\xbeT\xec8p\x8d\x06\xf5\xcd\xa9qh\x89\
\xf7\x06\xaek\xfe\x22\xcf\xae,f\x9c\x82\x12\x99K\x9f\
\xb9y\xb8\x94lP\x7f|\x99e\xf9o4\xf1\x03)\
\x89\xe3G\xe5Z\x0f\xf6\x84/\x15\xc9\xc0\x86\xc3ME\
\xc46\xe8(e\x1f\xb0\x06\xd9\x1f>\xc9\xf0\xd9\xbf\x10\
\x1f\x8a\xa6\x8c|\xf0\x9c}z\x15\x91\x97\x8a\xa5\xf4\xdc\
\x9f\x89\xff\xa1\x91\x9cb 82\x1f\xc8\xad\x97\x88\xfe\
 \x8a\x0d5\x9f\xd8\x9e.\x93\xf5i^\x8eq(5\
\x89\x0e4\x8a\xe8\xa2w\xc9\xdaK'\xb6\x99\x5cr\x1c\
Ml\x95\xbb\x89\xcd\xd8\x8e\x9c+\xd1s#\x08\x1aB\
\xd4\xff\x10D\x04\xff\xe3/Y\xacb\xf8\x7f1\x8bU\
\x08\xff\x1b\xe3x&\x16K\x8d\xc5J#\xff\xc7\xc0\xff\
\xd5Y\xac0\xf8_\x19\xc7 \xe1\x08'\xce\xff\x95\xad\
q\xde+\x8c\xfe\xbf\xf2\x9f~\xe0\xf4K.\xe9/\xdc\
om\xfe\xf4#\xa7_K\xfa\x99\xf4\xbb%\xc9%\xf3\
\xa3\xc7i\xb9I\x16\xa7%\xe2\xfc\x03R'\xbe\x88\xe1\
\x04\xe3\xe3*\xc4JR\xf4\x93\xa2l\xa2\xab\x17\x90\xe3\
\x9f$\xe6\xf1\x1a\x89\xc5\x1bI|\xee\x1a\xfc\xae_\xde\
M\xc0;\xbb\x938\xc6;D\x9f\xcf\x13\x83\xf7\xe5\x91\
s\xef\x12\xbe\xea\xc9\xaf/\x14\xe4\xdd\xcd\x88\xef\xef\x1e\
\xbf\xf8\x14\x09)\x8b\xe4oN\xe7\xc5W\xcb\xf1\xbdM\
)ZDr\xd5\x8aE\xd5\x15\x80\xc4\xe8\x8b(\x8a\x96\
\xc8\xbb\x1f\xb8\xee\xa5J\xe4\xe07Ll\x03\x9c\xbcO\
\xb0WBN\x0c\xe8Wu\x0dt1\xc11\xce\x85R\
\xff\xf3;,\x8b\x0a\xef\x87wd\x9fU\x93\xf3\xfe\x0a\
1\xc6\xe7\x05\xc9\x06\xaa$\xf7HOO\x07\xfbJ\xfb\
\xf6\xee\x86\x16\xce\x9f\x85\xf6\xec\xda\x8a._<\x87\xfd\
\xc1\xa0\xa7\xdf\xa7\x08\x8e\xaf\x5c:\x8f\xf6\xee\xde\x86\x16\
-\x98\x8d\xfa\xf5\xe9\x8e\xec\x9b\xd9`\xfb.;W_\
M\x98\xbf\xf4\x22\xb7\x5c*#\x19\x09\xe2\xd5\x06\xf3\x8b\
\xa9\xe0\xc4.B^\x93KKG4\x7f\xee\x0ct\xe3\
\xdaE\xf4\xe3[4\xca\x13\xc1\xaf\x91\x97\x97\x83b\xbf\
\xc7\xa0[7.S\xfd1\x0b\xb5vq\xa2tjm\
$$\x17=\x86\xe0\x99T\x93\x91\x8c\xabB\xe2\xdb3\
\xf9\xbd;\xd8\xe2z\xf5\xec\x82N\x9f<B\xe9\xb2\xb1\
HZ-)1\x0e\x9d;s\x1c\xcf!\x03\x03=A\
6\xad\xdfd\xafP\x93\xb2\x8e\xa2Id\xc8B~\xeb\
\xdb\xc1\xbe)\x0a\x0e:\x8d\xb2\xb22\x90\xac\x1a\xc4s\
\xc1\xdaqr\x14\x18\xd7WD0a\xea\x88\xdb\x07<\
\xde\xfd\xa0 \xde\x0e\xcf\xe2\xec\xe4\x80~|\x8fF\xb2\
n\x09\xf1\xdf\xf1z``\xd7<*n\x1fp\xcd\xf9\
\x00&\xfb\x1a\xf0\xf5\xa5~\xf3\xc0\xf0*\xc3\xb7/F\
\xfe+\x97p\xfb\xaa\x04\xd1~\xfaZ\x10\xf1\xdd\xab\x92\
\x1c\xabBf\xb6cud\xd9\xb0>\xfa7\xfc\x91\xcc\
\xde\xfe\xf5\xcbpd\xd5\xb8\xa1(6\xed\x22\x92;^\
M\x8c\x5c\x9aA\xa2\xcaq\xc0\x9fG\x8d\x18\x8crs\
\xb3\xa5\xfe\xee\xf9y\xb9h\xc2\xb8\x91\xe2\xd85\xcb\xe0\
\x5c1x\x7f;q\xec1l\x7f\xa6\x1e\xba\x14|V\
\xea\xef\x0f\xfbh=C\x03q\xeds1t\xf9\x80\xc1\
\x9a?+\x89\xed\xb8S\x07O\x94\x92\x9c(\xb5wO\
\xfb\x95\x8c\xbau\xe9 i\x8c\xd9E\xa2\x9b\x09\xb3\xb1\
\x8f\x12S_Ct_m\xc0\x8eMR{\xff\xfd{\
wr\xfbX%\x89\xab\x13\x14'nL\xd1ki\xc4\
{A\x5c\xd0\xe7\x8f\xef%~\xf7\xaf\xd1\x9f\x90s\x0b\
\x07i\xc5\x87\xbd\xa3\xebL<\xde\x7f\xbe4c\xde\xe6\
\xcd\x99.q\x1e\x80\xdf\xa2\xb9H]\xba\xb1qK\xf9\
\xf8\xf8L\xb8\xb1\x5c$\xb5\xfd\xd777A\x8f\x1e\xdc\
\x11\xfb\xfd\xc3\x9f>D\x0d-\xcc\xe9qA\xd2 \xb0\
O\xd7\xe7\xa1\xd3M\x94\xa2\xdd\xfaO\x8e\xf9\xc0\xbe(\
[\x8c<\x84\xdc\x9c\xdfh\xe4\xf0\x81\xd2\x8c\xab\xa5\xd3\
t\x1e\xba|\xa8\xb4\xef\xc3\x8eW\xd2AgO\x8b\x9e\
\xc7p\xf1\xc2\x19\xac\xebH\xd3\x1fE\xa3\x07\x5c\xb6\xb4\
6\xdc\xf1\xa2\xd2\x9c\x03\x9e\x1e\xadE\xd2\x07\x93ql\
\x84\x87\xac\xc6\x9ecK\xf3\xa4\xbd\xff\x12Y\xfa\xce\x00\
\xabb\xd3\x06\xe6y\x14;\xb6mDZ\x9a2\xf7\xe7\
\xf9\xd3\xe6\xfemY\xde\x0b\xf6\x02[\x1b+\xf4\xfe\xdd\
\x9f<\x8c\xac\xcct\x14\x1f\xf7\x1d\xc5\xc5~G\x99\x99\
i\xb4X\xc8H\x1c\xf3*\xe5xh^t\x97\xac\x01\
[N\x9c\x9cl\xfb\x00\xf28\xc6R\xfbA\x18\xb6q\
u\xea\xd0\x0e\xbf'\xd8\xb9:Rs}\xc1\xbc\x19\xe8\
\xe1\xfdP4s\xfa$y\xbc;\x07k\xa09\xd1s\
re}?N\xfc\x98\xb1\x91!\xb6o\xd6\xacY\x0b\
\xf0\xaf1\xc11|\x07\x7fc\xe3Dj\xc8\xe3\xfd\xf3\
\x88\x8fe\x8d\x1c\xeeU\xd2\x07\xc0\xd3\xe0=\xbb\xf8x\
\xa3\x99\xd3|\xd1\xac\xe9\x13QWJ\xb671\xae\x87\
\x98bMJ\x91\xc0\xcftAn\xefO\xcdk\xe0\xeb\
\xa1\xb7\xaf\xa1\xdf\xd8NV\x8c\x09\xe4\x83\xbba7\x91\
O\xa7\xf6\xfcp\xe6eE\xe0k{!\x8f{\xc1\x9a\
\xf6\xf6\xf2@1\xd1\x1f\xf9\xf2\xfd\xef_\xbf\xa0\xce\x9d\
\xbc\xe4\xb5\xfe9\xfa\xc0\x0f\xd9\xcf{\xc0\xd0\xae\x8bn\
\xdd\x14\x1e\xe7\x0c\xf3\x00\xd6\x82\x9c\xd6\xc1O^r\x0f\
\x07\xe7A\x1a\xc4\x91\x81:v\xf0,\xb5\xcf\xf1k\xb0\
\x16\xe8\xba\xbe\xb4\x9e\x83\x8f\x0e\x91M\xa8\x14\xc6v\x13\
\xab\x86\xa8\x85\xa3\x1dj\xd1\xdcV\x02\xb2C\xf6v\xd6\
8\x16\x10x\xfb\xc4\xf1#\x18\xe1m\x01?\x00\x9e\x08\
\xe7\x80O\xac\x99]\x13|-q\x9f\xc3\x91\x10\xbc\x13\
\x0f\xac\xf0\x02\xee\xf7\x87\x9c8\xf05$\xffL\xc02\
\xab\xb8\x04>\x8bw\x11/Ps\xfb\xa6x\x8f\xf3\x15\
\xe1\xfdgN\xf7\xc5\xe7\xd86\xb5Bo^\x85\xe3k\
\x89\xfb\x1c\x90\x9f\x02q\xe1\x17\xce\x9fB\xfaz:\xbc\
\xde?\x8d\xfe\x1d\x8c\xd7\xad\x9bW\xa5b\xb7\x01\x1d\xae\
{\xd7Nx\x7f\xef@\xf1>&\xb1\xef\xb0/t\xe9\
\xec\x8d\xcf\x01\x19\xe9\xb7\x94\xfc)\x80\xb5\xa9\xa7\xab\xc3\
k\xfe\xff(\x8d!\xa1I\x8d\xff1\xa9\xd9\xae\x96/\
]\x88\xe72\xe4~\x5c\xbf\x16,\xfc9\xa9\xbd\x91#\
#\x81\xefOZ\xed\xd2\xc5s\xbc\xb0,\x80\xff=\xe7\
\x96S\xb7n^'\xb5\xfb\xbe\xf8\xf7\x09\xb2h`\x86\
\xdf\xa7\x9d\xa7\x1b\xfa\xfc\x89\xbfM,&\xfa\x13%\x0b\
{\xe2\xdf\x9a\x9b\x99\xa0\xa7O\xeeK\xed9v\x07l\
\xe1%[\xbc#\xb5xJ\xbe\x83{\xcf\x9a1Iz\
\x1e\x9b\xa2B\xb4b\xd9\x22\x1c\xb7\x0f|\xb8=\xd5\x07\
0\x0f`-\x00?\x00\x02]\xe8\xf6\xcd+x\x8d\xb0\
cP\xd5\x90\xdf\xa29B\xe3\xf0Ei\x0b\xe6\xcd\xa4\
\xe7\x08q\xe8*7\xbe\x81\x0a\xc65\xec\x88r\xb2\xb3\
\xa4v\xef\xb4_)h\xfc\xd8\xe1\x94\x1e\xcc\xf6\x8f\xc3\
Z\x80w\xf5\x1d7\x02\xf3\xc5\x8e\xd4:\x07\xf9\x80\xbd\
\xe7\xa9c\xbbOjJ\x92\xd4\xee\x9f\x97\x9b\x8d\xfa\xf4\
\xeaF\xbd\x7f\x19{\xc2f\x82\x7f\x92S:\xb6\xbf\x11\
\x8a\xfe\x12%U\xff\x05\xf4\xc1\x92\xc5sK\xe2\xea\xe9\
\x98\xe0\x1c\xb9_\x97\xe2\xbd\x0b\xa9qJM\xf9)\xd5\
{\x7f\xff\x16M\xed\xa3er\x06\xf2H\x5c\x9a\x0d\xa9\
\xc3D\xdb\x03\xb4\xb1\xfdI\xda\xed\xea\xe5 \xbe6-\
\xd0\x8d`\x7f\x82}J\xda\xed\xfa\xd5`^\xbc\x9f\x83\
\x13\x00\xfe\x9e\x9b\xdcy\xf23(\x19\x84\xad\x9fH\xa7\
\xfdJM\xc6\xfb\x9a\xb0<.X\x17 {H\xb3\xcd\
\x9f;\x9d\xd7}\xef\xd0\xfcA\x8b\xb9u\x95\x16\xcd\x9b\
\xa1\xd8\x1f_\xa5\xf6\x0c{wo\xc7{\xabP\xdf\x91\
\xa6\x06\xda\xb1m\x83\x14\xe3\x05~\xa0V-\x1dy\xc5\
\xe1\xaf\xe4\xc2\x90O\xe3\x96\x03\x8e\x04\xee\x93\xca3D\
\x7f\xf9H\xc9\xd3\xcd\x18\xe7\x91\x81M\xe8c\xd4;\xa9\
\xdc\xfb\xd4\xc9\xc3\xbcp\xb6\xc1\xaf\xed\xc1\xe5\xf3\xbc]\
\x06\xf3\xc2\xc7\x1b\xa5\xa7\xa7J\xb6\xffQ\xfb\xdb\xe2\x05\
\xb3E\xceC\x9b3k***\x92l\xff\x83}\xb5\
W\x0f\x9e\xd8\x1c\xf7\xe8\xbePB\xe3\xe9y\x14l\x0c\
\xa2:\xe8\xcc\xa9\xa3\x12=\x03\xc80 \xff\xa8\x89\x98\
\xc7\x06\xf2\x0f\xd8\x03%i\x10\x8f\xc4\x95\x1f\xc9\xc9u\
\x9b\xca\xc3\xffc\xc4\x8dm\x0e\xfd\xd6\xbe][J\x7f\
\x88\x17\xeb\xfe\x80\xef2lh\x7f\xb1\xf3\xe0\x06\xf6\xef\
-\xb6\xfc\x9fB\xc9\x0f\x9d:\xf2\xcc\x9b\xfd@bu\
y\xf9\x00\xe7\xf0\xcaK]\xbbf\xb9X{\x01\xece\
\x06\xfa\xbab\xe7\xd1\xc1\x9e\x05\xb1t\xe2\xb4\xcd\x1b\xd7\
P\xbc\x94'\xbf]$\xc0\xff[\x8f\xdb\x1e\x06v\x03\
\x98\xbf\xf7\xee\xdc\x16\xe9\xfe\xa0sz\xb7w\x978\x0f\
\xcf\xa3\xad+\xe6\xe1\xa2\xb4\xc7\x0f\xef\xa2F\x96\x0dx\
\xf1\x9c\x08\x12\xaf\xcc\xef\xfd9\xf5\xe5\xf2\xb8\x9f\x03t\
\x97o_?3~\x86m[$\xc6\xc2*\xc9\xf7\xdd\
\xb0n%\xe3\xfb\xc2\x9e\x0d\xb6&\x1e\xfd\x0e\xb1\xbac\
\x19\xe4Y\xd6&8\xebe\xf6\xa5\xe1C\x07`9V\
X\x8b\xfa\xf0\x96\x97\xbc)\x11\x86\xd7\xdb\x88\x97B\xef\
\x9b\x91\xfe\x0b\x8d\x1d=\x8c_\xbc\xc0y\xe2\xebb\x12\
\x03dCb\xcc\xcb\xf0\x82\xe9S}Qf&\x7f\xdc\
}\x5c{k\xc6d\x9eX\x09\x92\xac\x83\xc9\x13\xc7\xa2\
\x82\xfc<\x81v\x93\xd93\xa7\xf0[\xf3_H\xae \
\xd3\xf8/\xa0\x7f\xb8m\xa3\xc0\xc7 \xb6\x07\xfa\x80\xdf\
<\xb8w\xe7\x16255\x92z\x1e%\xd8Dn\xdf\
\xba\xcaw\xdc\xe1\xddAf\xe3q_\x90u\x86\x88\x81\
\xa7\x0d\xb9\xa5\x0b\xb9\xf1\x8b\xe1\xfa0\x0f\x86\x0f\x1bP\
\x86\x1f\x80\xbc\xf1O\xdf\x1e2\xf1[\xc35{R\xb2\
L\x06\x97<\x06q\xe2cF\x0d\xc5\xe3\xce\xe3\xdd\x0b\
I\xcc\xf6_b\xc6\x80\x02\x06\xf5V^q!\x1c[\
\xc6\xbd\xbb\xb7K\xf6\xc6\x13\xc7\x0ea\x1dVV\xfe;\
\x90c\x03\x0f\xfe\xa9\xf9\x00\xbeT\xf0'\xf1\xe13\xc5\
$f[E\x82\xf8_N>\xd3\x1e^}\x00cb\
\xd1\xc0\x1c\xad_\xbb\x12\xbdz\xf1\x14\xb5m\xe3\x22\xcb\
\x98\x05\x9c\x07\x01\xd8\xcd/\xfe}\x8c\xf7w\x88\xb7\xe5\
s\xbfb\x12\xb3-v\xbe+\x8f>\xd8\xc6\x0b\xcb\x1b\
\xe4\x03\xe0\x09V\x8d,\xa8\xff\xb5d\xee\xb3\x81{\x01\
V\x12\xc4\x03\xf2\x19\xf7B2\xee\x12\xe7\xfa\xf2\xc0c\
_\xc8/NF\xca1ZBc\xad\xf9\xfc-\x93\xc4\
\xb7\xa9\xc8(\x07D\x99\xec\x0bQr\xf4\xd1\x8a\x92+\
=X\xda\xf5\xa1\xf9\xe4?\xd9\x10\x19)O\x01\xde\x1b\
\xe4\xbas$f[\x9ey\xd6\xb5\x89\xfd\xf0E9\xbe\
\xfbk\x12\xaf\xac\xa2Q>9\x80\x1c\x9di\x0e\xd1-\
\xe4\x81\xc3PL\xfc\x16\xf3I\xbc\xb2\xa2\xe4\x81\x1a\x11\
\x1b\xcamn[\x9a\x94\x08\xf8n\x18\x89S5Q\xd0\
\x1c`N<\x9d+\xb1\xa9\xde$\xb6\xf5\x1c1\xde7\
\x97\xf8&o\x93\xf8\xc46\xdcym\x8a\x92\x07.\xa0\
/T\x08\x06\xc3\x00\xe2g\x0a\x22\xfe\xc6\x1fd\x8ep\
\xe2\x0f\xd2\xc9w/H<\xd2\x1a\x12\x97fK\xd7\xd9\
d\xf1\xce\x88\x0d\x1c@\x89\xb0\x18P\x80R\xe00\xc0\
\x00Bl\xe0\x01\x84\xd8@\x04\xf8g\xf8\x87\xe4\xb4b\
\xf6\xff\x8b\x0b\xd9\xff\xb7\xc9e\xffo\xcc\xf9?\x8d\xfd\
\xbfZ\x0c\xfb\xff\xea\x9c\xff\xc3\xd8\xff+\xfb\xb1\xffW\
\xe2\xfe\x9fU\xc9\x1b\xbf\xf7\xe6\xf4\x0bw\x7fq\xfa\x91\
\xbb\x7f9\xfd\xce\x19\x07D\x1bN<N\x9cq\xe3\x8c\
#g\x5c9\xe3\x8c\xa0\xb2\x0fB\x80\x13\xe1M\xd1&\
:NDw\xd9\xe0D0\x5c3\xd5\x08\x7f\xf3\x22q\
\xea\xfbHl:\xc8\x5c\xc9\x5c\xb8\x119\x04\x87\xe9#\
\xe1\x8d\xfb\x09\xceM\x07b\xe7\xaa\xa6\xa8\xfcB\xc4~\
\xa9Ad.\xc8\xdf9A\xf6\xbf4\xa6\xb9\x89<\xf4\
\x03z\xfd\xe7\x89\x84\xcf\xfc\xad\xc8\xfd\xc4g\xae\x18\x10\
\x99\xf7<\xf1g\x16\xcbH\xe6\x80\xfa\xb7\xc1D\xde3\
T\xb49\xc5\xe3yLHM\xa4\x17\x22\xd6\x9f\x92F\
\x8e\xd9+R\x0b\xc3\xac\xbc\xfb\x89\xc7\xfd\xeb\x90\x9a5\
\x11\xa2\xda\xdf@\xe7d\xd7\xbdR\xe5\x22\xa15\xb0\x04\
\xc5\x9eN\xe7U\xdb\xb0\x1c\xfaF\x99\xf0\xccP&<\
E\x8d\xc4o\xe0:UZ\x9a8/\xd5\xba\x89%r\
vj\x8e\xdcZ\xb7D\xed<Zc\x82\xe3\x96\xce\x8e\
\xc8\x86\xfa[\xbdz\x06H[\x9b]k]\x05\xd7\xdd\
e\xd4_E\xc4W\xd9Y\x16z-\xc3\xbe\xd1%\xb9\
\x22\xa9\xc2\xe6\x08\xc4\xd7\x80\xff\x1e\xec3=\xbbwB\
K\x17\xcfE\xa7O\x06\xa2'\x8f\xef\xa1/\x9f\xdf\xe3\
\xb8\x06\xb0\x1b\x83\xbd\x16\x08\x8e\xe1\xbbh\xeaoO\x1f\
\xdfGgN\x1dA\xcb\x96\xcc\xc7>[\xc8\xf3\x06[\
\x0f\x1b3Eh_\xc1^\xb0\x8e\x22}Y\xf7\x11\x0f\
\x1c\x94\x1b\xc2\xebJ\xaab\x1f\x1a\xe4\xc2\x1d\x09\xdc\x8b\
\xa2>DH\x14_\x05q\x95\x9f\xa2\xde\xa1cG\xf6\
\xa3aC\xfe!9\x82\x8c\xea^\x86\xc8\x0a'\x85G\
\xdft&\x98@\x02\xb0\x7f\xd4p\x8c+\xc4\xba\x81\xfd\
\x14pOd\x917\x0f1\xb4\xcb\xa9y\x05>)Z\
}QA\xf9\x91=\xc4\xc5gd\x88\x9f9\x84\xe4\xdf\
\xf0\xed\x1b\xc0\xbe\x99?g\x1a\x1egi\xc6!\x09j\
_>\xbdG~\x0bg\xa1\xbau\x85\xe6\x1d&\x11\xbb\
\x8b\xb24\xe6\x11W\xdf\x8cb\xc2k\x0c\xeb\x02n\xfa\
E$\xefv7\xec:26\xaa\xcb\x94'\x89\x8cQ\
*dM\x0d\x11\xd67\xa5\xfcE\x14\x0fNOK\x91\
[\xdfde\xa6\xa1\x7f\xfav\x17\xc5\x07\x92F\xc6[\
\x1aX\xa8>\xa2\xd6\xde\xadSG\x0b\x1d:\x10 \xb7\
\xfe9q\xf4\x808\xfe\xb1$\xc2\x8f$\xa9\xc9kG\
\xf4\x1d\xd1\xfcM\xd4~\xd2\xca\xb9\xb9Hq\x0f\xe26\
\xa8\xad\x01\xf2\x92\x98\xfe3\xc0*i!f=L\x1d\
\xa6\xb5\x01\xf9\xe1\xfe\x80\xcc\x22[\xdc\x1f\x84\xd6\xf8/\
\x95\xb4\xceQ\x08]>\x12\xc1\x07\xbeR\x12\xbd\x12\xe4\
\xdcF\x96\xf5\xd1\xf3\x7f\x1f\xcb\xaco\x22^\xff\x8b\x9a\
XYJ#\xded=\x93\x9a\xa4\xb4\xfe\xf1\xa2\xe3`\
K\xe2\xdb\x1f=RF\xb8A\xf9\xb9h\xe2\x84Q\xd2\
\xf2K\x03\xbf\xee\x22h\x9dq\xd5%\x96J^\xb9:\
\xa9_|\xf9\xa2\xf4q\x85n\xdd\xb8\xc4\xafF\xad\xb8\
t\x8f\xae\xd3\x0a\xe8\x1f_1\xedW|\xe7\x90O\xc7\
v(U\x8a\xb8C ;\xf4\xe8\xd6I\xda1\x0dE\
t\xfc\x0d>}cD\xec(R\x8f\x1d\xd8\xb5s\xb3\
\xd4\xfa\xe7\xe0\xfe\x00\x5c\xdbJ\x06v\xa4H!8=\
\xd3ea\xeb\x03\xfe\xd9\xdc\xc1\x16\xeb\x01\x92\xb6o1\
\x9fQKg\x07^q\xf7\xd2\xa2y|bx\xf5(\
\x0a\x97e\x1e\xf7\x82y\x92\xe1\x1a\x81\xac\xb0\xcco\x9e\
\xacs\xdd_\xf3\xb1\xd5\xf6\x97V]L\xfeu\x1bL\
\xd1\xe3\x87\xe2\xe3\x1e=\x0f\x7f\x84c\x9bd\x1cSS\
@\xec\xd9\xf4\xbe\xa9N\xd1iY\xdb\x89\x81\x9f\x0e\x19\
$&.\x12%#\x8c\x1e1H\xa6qf4\x0a\xe6\
\xf2\x8bX\xc9\x0b/\x00r\xc1\xc4\xc9\xc3\x05\x19\xa1\xae\
\xecp\x93x\xf9E\xec\xb8\xb0\xf3\x8a\xe5\xe1k`\xc7\
\xa4\xb7AI\x89\xccq\x95\x00\x93\xb0\x13\xef\xd8pY\
\xd2D\x1a\x9e\xe8ay\xc6\x07A\x9c\xee\xe6\x8d\xabK\
\xe5\xd6gf\xfc\xc2\x98C@\xecX\xda?z\x1b`\
\x162\xa9U&e:E\xf8\x8e\xa14\xb0\x07E\xdd\
\xcb\xec\x9a6A\xff>}\x80\xf3\x8f\x01\x8f\xa6\x83W\
[dog\x83m\xa5\xde\xed\xdd\xd0\xb4)\xe31\xf6\
\xe6\xcb\xe7\x8f\xb1l Gl\x12\xba,\x04\xbe\xec\xb6\
Lm_\xd2\x9eC\x90\x0f\x0c>\x1eN\xben\xed\xda\
l\xe2|\x06[$\xd4\xa4\xd4\xd4\xd4,\x8f\x18\xb8t\
\xe2\xbb\xf2\x95\xb3\xaf\xb3\xd4<bc\xb4\xb31\x0f]\
Z6G\xae\xad\x1c\xb1\x1c\xc0\xc9\xf9.\x87yC\xf7\
\xf7CL\xc4\x8e\xf2\x8aS\xe4\xe0\x83o\xd9\xb4\x06\xdb\
*\x92\x93\xe20\xbd}\xf3\x02\xed\xd8\xb6\x1e\xe3\x9b\x94\
c\xffpp\xa2\xaf\x96W\xdf\xc0\x9e\x04\xb5\x8e\xf9\xb5\
\xf7\x91oP\xd7\xce\xde\xe5\xd9GaL\xea<\xc8\xa2\
o\x80\x17G\xbcy.to\xff@\xf5\x11\xd3\x1cc\
\x19\xd0GR\xf7I\xbe\xf7\xa5d\xbc\x8d\x22\xe4\xc6\xc1\
Z\xd3\xd4P/\x8f\xfeI\xe1\x17\x13+=|\xa7\xd2\
\x98S \xff\x9a\x99\x1aQ\xfb\xf6S\xc6\xfd\x03\xfc\xc8\
\xa2\xfe\x9f\x9a\x9b\xb2z6\x1e\x94Cp\xcaK}\x0f\
\xd8\xa9\xcd\xedm\x90\x93\xa3\x9d\xd4\xc8\xa1\x19\x1b\x93\x0a\
\xec\x12p\xed\xb8\x1f1\x8c\xfb\x07x6\xeck\xb0\xd7\
A\x8d\x0f{\xbb&Ry&\x0eV\x15<\x0f\xf8}\
\xf9\xe8\xaa\xbf\xb9s\x81Z:7G\x1f?\xbc\x95\x08\
\x1f\x8aN\x90\xe7\xcd\xc6\xac\xb2\xc1r\x8d8\xfd\x03{\
\x7fm\xea\x5c\xc0\xfb\x04\xbf;\x5cS\x1a\xcf\x06\xef\xf8\
\xe9\xe3;\xd4\xda\xd5\x89W=\x9828V s\xb8\
\xb4rB\xbfR\xa5\xeb\xff\x84\xb8\x8dn]\xbc\xf1;\
\x9a\x9a\x18\xe1\x5c,\xe6~\x8a\xe7X&\x82s;x\
\xb9c\x7f\xa94[z\xda/\x5c\xb7\x94\x87~\x97\xcd\
\xcd\x9f\xd9\xb6>;\x5cOC\xdam\x01\xc6\x1ba\xd7\
:Z\xb7z\x19\xe3\xf3\xb6n^\x83eH\x98{3\
(]D\xdaq\x0f\x10k\x041Z<\xe6O2\xb7\
\xee\x05<\xb0\xa1\x85\x19\x8a|\xfbJ\xea\xfds'\xf4\
\x06\xd6'\xe09 \xfe\x05b_\x845X\x97 C\
\xc29`\xdf\x90E\xec\xc3\x97O\x91\x18'\x8f\x87\xdd\
-\x8a^\xff\x98\x13\xa3\x02X>\xec\xfcO\xe9\xb6\x1c\
\x0e\xf67\xa9\x83\xe5\xd5\xbe-\xd5G\xcf\x04\xec[\xcf\
1V\x1c\xa7\xce\xd6\xe0\x81}\xa4\x86\x1bGoO\x1e\
\xdd\xe3W\x83\x22\x94\xe4Gr\xe9\x8e\xea(\xf0\xe0n\
\x99\xf8<\xdfE\xbcD\xce-\xecKt+\x98G\xb0\
\xd6\x80\x1f\x01\xcf\x06\x82\xbd\x7f\xe3\xfa\x95\x18OF\x8d\
\xd4\xe3\x829\xf4\xfa\xe53\x99<\xd3\xa9\x13\x81\xfc0\
~\xf6\x91X\x98R\xfa)\x8c\xef\xbc\xd9\xd3d\xe6\x17\
~p\xef6\xee#\x8e\xec\x01\xfc\x08x6\xeck@\
 \x1fi\xa8\xff\xc1\xfal\xee\xd0\x14\x85\xde\xbe*\xb3\
\xe7\x01\xfc/\xe0\x8b<\xf4\xd3\x19\x14\xb9q\xfb\x929\
>\xbd,\x01x\x03\x92\xb6\xc8\xb7/\xb1\xfeE\x97\x1b\
\xff\xf4\xd7\x1f9\xd0\xab\x9d\x1b\xde\xcfe\xd5`_\xe5\
\xe3kL#~\xf6\xba\x14\xbd\xe4\xe6\xd1\x10W\xc9D\
?\x12\xb7\x81\x8d\xb0{\xd7\x0eBq\xbb\xa0\x0f\x7fI\
\x11\xb3\xae\x0c\xa6\xc6\xfb\x08\xd4\xb8Q\x03^8B\xef\
H\xbc;\xd8W\x0f\xf1\xc2\x0f\x81\xbaz\xb2j\xfb\xf7\
\xee`T\x9bEKK\x03\xed\xdc\xbeAf\xcfq\xf8\
\xd0\x1e~\x98\xf9'hy0#\xb9s4a\xec\xa0\
\xae\x9c4\xf1\x0e9\xedk\xf4GJ\xde\xb0g\xe4\x03\
\xe5\xd8\x88@\xc6\x95v\x83\xda\x83\x83\xa8=\x91\x07\xfe\
!\xe2\xaa\x89\xd3\x88\x1b\x0b\x90\xa3G>}|O\xaa\
\xcf\xc4\xae\xed2G$\x1f(\xf4\xd1\xdc\xd9\x92\xe3\x82\
q\xb7\x97\xcf\x9f`\xb9\x9c\xc7\xbe\x1eO\xf2\x17\xe9\xb9\
Y'y\xad\xff9\xb3\xa60\xc4\xf7e\xd6\xc2\x9f>\
`\xc7u\x8b\x88\x1b\x06\xf6\xd7\x87\x0fB\xa59Rh\
\xf1\xc2\xd9\xfc\xf0l\x82Hn\x16\xdd\x87\xda\x8f;/\
\x1e\xe4I\x88\xe7\x17d\xe3\x135\xfe}\xe4\xb0\x81b\
\xe3\x8a\x0d\x1a\xd0\x07e\xff\x96\x8e|\x08\xfa7\xe8\xba\
<l\x1b\x05\xdc\xb83\xb4x\xc3\xa7\xbc1\xef\xa6H\
en_\x0c:-\xb6\x0f\x94S\xb3\x06r1\xa4\xb1\
\xc6\x17/\x9c\xc5\xcf\xee\xf3\x82\xe4\xaf\xf1\x8a\xe1\x98\xcc\
\xcd\xa79s\xfb\xc1\xbd\x10\x89u\xc0\x0e\xde\x92\xe3\x92\
y\xba\xbb\xa2\xc4\x84\x1f\x12=\x0b`\x03\x0aX\xe3\xb3\
\x05\xc4\xff\x18\xf2\xc2]\x80\xe7\xea\xd5\xb33\xae\x17'\
n\x03\xecMi\xd4\x9e\x01;\xeb\xc6\xf5\xab\xc4\x97\xbb\
2~\xa1\xfe\xfdz\xf2\x1b\xa7\x08:\x06\x00\x9f\x18\xb2\
\xb1\xbc\xfca\xe0\xdf]\xbfv\x85X\xf1\xba\x90\x8b\xe1\
@t)i\xd8\xf6\xc1g(\x9e}\xa1\x18\xe3\xcb\xf1\
\x91\xbb\x0aI\x1dra\xf1\x87\x9a\xbcr\x97\xd40\xf6\
\xa41\xbav\xe5\x82HO\x04X\xd5s)\xfe%M\
\xdc35j\xec\xa7N\x1e\x87\x0a\x0b\xf2Dz\x96\x90\
[W\xd9\x98\x9b\xbc\xe3\x87\xc2\xe8ua\x85\xc4\xf7z\
\x12\x8c\xf42q\xf1\xe0\xb3\x13E\x8f\x06,O\xe8W\
i\xe3\xa2A\xad\x0c\xc0\x8cg\xae\xef\xbd\xc2\xb5\xa9\xf9\
\xac+\xf0\xafw\x14\x16G\xcf\x95\xaf\xb3\x84\x1f6\x96\
\xb7\x97\xbb@\xbcwN\x03[\xcd\xc0\xfe\xbdd\x86\x9b\
\xd6\xbbgY\xdc4^-\xe6\xcbG\x5c\x83F\xc0\x1c\
\xf6g\x9a\xcfC\xeb#m\x8a.\xf1\xc3\xb9\xed\xec\xe3\
%\xb4\x8f\xc0\xae\xa2\xa7+;\x5c5\xf0e\x80\xfe$\
\xaco\xbaS\xfa\xb9\x80\xbe\xb9!(\xeeYH~\x8a\
\x0d\xbf\x9cd\xb8\x1f\xcc#\xa8\xfd\xcb\xab%\xc4}G\
\xeen\xb2\xc7]sm\xd5\x02\xd7q\xe7i\x8b{\xfb\
R\xd8\xbcyO\xc7_\x143\x87\xc7\x9b\x9f\x8f\x15\xde\
\x1d\xf8\xd1\xf5\xab\x17\xca\xeck\xb0\xd7i\xc8\xc1\xe7\x09\
z\xdc\xcae\x0b\xb9l\xf6\xc58\xae\x08r\x88\x04\xf4\
M\x02\xc9\x15\x95\x06N]\x7f^\xfc\x9a\xc3\xb3\x81\xff\
n\xa0\xfa\x83#\x1f\x81>b\xd3\xa4\x91\x5c|\xe6\xb0\
\x17\x81\xfd\xe6%\xb1\xf5\x03?\x82x\x10\xd0;y\xf8\
#\xe8\xfcx\x88\x86\xf4p\xec \xcfn(\xbf>R\
#\xf8\x9e\xbd{vAwB\xae\xe1\xbc\x11i\xee\xe7\
L\xf3`\xee\x86\xdd\xc08\x9al\x8c?uA}3\
\x8a\xecA\xd2\xc4\xb9S\x22\xf3(V\xd0sB\xce\x08\
\xbb\x96\x83|c\x09 \x7f\x10\xf2O\x85\xcc\xd9\x042\
o\xa4\xd27\x02\xf8Q\x84 \xd9\xa4\xbc\xe2\x99\x84\xdc\
\xfb\xbd$\xfcF\x8c}\xed\x92\xbcb\x82\xa5\x80+w\
\x9d`\x1a\xc8\x13CA\x9b\xc8\x90?\x15\xb8oRH\
\x1e\xa4N9apT!\xba\xc8\x8d\xf2\x8a\xf1\x14\x10\
[\x19Bx\x81\xb2F\xf9b\xb8pt\xdaq\xc46\
R\x5c\xcek\xe95\x89}\xd7.o\xac$\x1e\xfdd\
Hl\x04O\xe5\x8ca\x0ayG\xff\x92\xfc5#\x05\
\xc7\x90\xe2\xd8j\xfb\x11\x9b\xffw\x19\xe1{\x16\x13Y\
\xe34\xc1I\xd4St\xcc6>\x98u\x8d\x89\x7f\xed\
\x10\xc9\xddL\x11\x93W\x15\x10\xd9\xee5\xc9\x17\x19M\
\xf2\x8e\xaaW\x02\x1c;N\x1eL]\xe2\xef\x9f@\xe2\
F\xae\x90\xf7\x8d%\xfe\xee\xdf\x84\xd2\xc8woH|\
\xf6\x0e\xc2S\xdc\xc9\x1a\xfeK^s\x05!@^4\
\xc6\xf8\x97lp\xc5\xea\xe4\x98\xfc\xf9\x0f(f\x1b|\
\xcc\x06j4\xc6\xc7l\x10G5|\xcc\x06v\xac\x8e\
\x8f\xd9\xa0\x8fJ\xf8\xd8\x8fvL\xee\xb9\x98\xa2b\xda\
1\xc1|d\xb5\xa1\x88\xe0@\xb2\x8c)\x22\x18\x91,\
5\xaec\x82!\xc9\xaaN;V\xa6(\x8c\xcf1\xc1\
\xa2\xc4 \x9c\xf4\xe3\xff\x9a\x5c\xb1A\xcb\xf4?\xbf\xf1\
\x8a\xe1q\x5c]\xc0|\xa0\xcf\x19\xfa\x5c\xa2\xcf1\xce\
\xdc+3'\xd97V.3\x87\xe9s\x9b>\xe7\x8b\
\xff\xe0\x92\x96Z#\xa5\xd6\xce\x9f5\x058\xa4C\xc9\
\xfb\x95\xe0\x90n\x92\x0f\x0e\xa9\x04\xbc\x8c\xa3/\xab\x11\
\xfe\x0f\x18<\xd3(\xdaN\xd1e\x12\xaf\xf3\x8d\xa2_\
$\x065\x8f\xc8\x009\xe4\xbb\xefd\xaf\x00\xde\xb6\x93\
\xc4Au!\xfc^\x9d\x8e\x0bT\xd1x\xbf\x8c\xfb\x1d\
|\xee\x0d)\xeaK0Kn\x11\xfc\xfbt\x09\xf5\x03\
\x90\xe73(\x8a&r\xfdF\x82\xf7\xdf\x88\x17>j\
e\x1e\x07\x1e\xef\xfa\x17\x99\xe3\xa0_\x9c%}\x94'\
'\x99\xf9+\x89\xb5\x80\x1c\xbf&\xbcp}+\xf1\x5c\
\xd7 <\x01\xea\x99\xc4H\x133EL\xec\x12\xe0g\
G(\xeaN0n*\xc5\x9a\xe0\xf1\x1e\xba\x04\x1f\x01\
0|\xb2\x14\xd0&\xf3\x9b\xd40\x1d\xc3\x8d\xfbY\x91\
\xc6\x80\x8f\x0d\x03\xfa\xfd\x81\x82\xd4\x17a\xc2\x9f\x9e\x10\
=M\xbb\xa2\x8c\x03\x1f\x1d\xb6#\xb1\x81\xe6Jn\x83\
\xfe\x93\x17]\x163\x99\x8e\x9d\xac&-\x1fB>Y\
\xab]y\xc4\xe4)z\xdf7 zp\xaa\xb8\xf6~\
U\x92\xfb\xa1\xae\xa6\x8a1\x99\x8c\xeb\xe9#\xbb\xa6\x8d\
q\xbd,\xa8!\xd9\xc1\xcb\x0du\xf5\xf1\xc4\xd4\xd1\xab\
-\xf2pw\xc5\xf9a\xcdl\x1b#\x13#\x03|\x0e\
\xf80\xd9\xf5\xb8\xd5$\xf1_\x80\xce\xbe\x9b\xc8L\x8a\
^\xa7\x03\xe6|\x1fqj\xf8pj\x98C\x9f\x99\x18\
\x1b\x22\xd7\x96\x0eh\xcc\xc8Ah\xfd\x1a?t9\xf8\
4z\xf2\xe8\x0e\xfa\xfa%\x12\xa5\xa6$b\xacg\xc8\
a\x00\xbc\x1b\xa0\xac\xcc\x0c\xfc\x1d\xfc\xed[4`?\
\xdfEW.\x9dE\x1b\xd7-EcG\x0fAm\x5c\
\x1c\x91\xa9I=|mNmt1\xc6\x01|S\x03\
\xb9\xedF\x0a\xd4\xf7\xba\xa4\xceI\x9a\xa8\xb1\x08\xd0/\
\x16\xf5MP\x9f\x9e>h\xdb\xe6\xd5T_\x87\xa1\x9f\
\x89\xb1\xa8\xa80_\xe2\x98M\xb8\x06\xe4q>{r\
\x17\xed\xdc\xb6\x0e\xfd\xd3\xa7+\xb2\xb40C\x1ad,\
D\x1c\x03\xd0%6\xd1\xe3<\x15\xa4V\x8f5E\x17\
\x99\xfa\x088s]WG\x1by\xba\xb7B\x1b\xd6.\
C\xaf^<A9\xd9\x99H\xd6-7'\x0bE\xbc\
~\x86\xb6l\x5c\x89\xbc\xda\xb5\xc6q@b\xac\x09\xb9\
\xf8\xf5\x18\xf2z\x0fR\x03\x88qL\x80\x81\xbe\x0e\xea\
\xdd\xa3\x13:{*\x10%\xff\x8cC\xe5\xd5\x80_]\
8w\x1c\xf5\xa3\xd6D]\x03]Q\xd7C\x04\xc1i\
a\x95\x93\x0f\x11l)\xbd\x88\xde\xca\x0c\x1f\x99\xda\x13\
\xbb\xf8\xb4C\xc1\xe7O`\xdc$Ei\xbf\xb3\xd2\xd1\
\x95\x8bgP\xcf\xee\x1d\x90\x8e\x8e\xb6(c\xf0\x9d\xf8\
X\xaa\xc8c\x0c\xb8\xfa~\x90(\xf8\xd48\xde\xdd\xac\
\x1ez\xfa(\x04)j{\xfd\xe2\x11j\xd4\xd0LT\
^\xf4\x93\xf8\x89\x94\xe5\x14c\xa0D\xe4\x80Dq\xf0\
E\xe6\xcf\x99\x22\x95}U\xda\xad\xb8\xb8\x10-_2\
W\x5c<\x93\x142\x06U\xe4\x10\x03\xd3ST\x5c\xf6\
\xd29\x1f\xc6\xe8\xe1\xbd[\x0a\xd7\xff\xff>\xbbO\xcd\
}sI0*\x7f\x12^$\xcbZ\xa5\xee\xa4\xf6\xb7\
D1y\x83\x07\xf4\xc4<WQ\x1a\xc8D\xa3G\x0c\
\x94F\xcc\xefw\xee=Y\x8a\xfd\xdfD\x149G\x18\
\x16\xe6\x99\x93\x87\x14\xa6\xff/\x07\x9fB\x86u\xa5\x86\
\xb1\x19!\x0d\xd9\x94G\xdc\xc6\x05\xa9bm\xba\xbb\xa0\
\x84\xf8o\xe5\xde\xf7)\xc9\xf1\xc8\xa7\xa3\x87\xb4\xe3\xdd\
\xafK\xaa\xa3q\xf9IVI;V\x06\xb046\xae\
[\x8e\xe4U\x0b\x87_\xdb\xb5c=?\x8c\x0bIi\
\x13\xddV!\xc1\xdc\xefE|\xabR\xc7\xa2\xb3\x85|\
5)\xe5\xf0\x8a\xd3>\x7f|\x8b\x1c\x1d\x9a\xca*^\
?\x83\xc8\x89\x22\xaf\x01\xda9\xe6$\xbeMF9\x04\
\xaah\xda\xe41\xa8 ?W\xee}\x0f20\xc8\xc2\
2\xce\x95\x88\xa0\xdbM\xc5\xe0;\x9be\x1dWnj\
l\x88\xc2n_\x91{\xff?z\x10\x82\x1a\x98\x9b\xc8\
#\xae~7\xdd\x7f \x02\xdf\xf1\x96F-\x14&{\
q\xdf^\x90\xcf'\xbf\xbaV\x80\x150d`oy\
\xe1fC\x0cG7&|\x88\xf6\x1bu\x12o#\x87\
\xdc\x0a\x0dl\x07=rh\x97\xdc\xfa\xff\xec\xe9\xc3\xd8\
\x06(\xc7\x9c\x92\xdb\xc2r\x84\xb9\xfa\x7f\x90\x985\xde\
\xc5\xceGl\xed\xe2\x88~|\x93}]\xae\xc4\x84\xef\
\xa8\x9d\x87\xab\xbc1\xe3\xf3\x89_\x9fI\x0er\x1d\x12\
\x07 g\xbf\xb7:Z\xb5b\x01\xa2\xe3\xc7\xcb\xa2m\
\xde\xb0\x02c\x90\x97\x83_\xff\x097>\x07\x9f\xfe\x1f\
,\x0d\x7f\xb98\xf2\xa8U\xe3\x06\xe8\xd5\x0b\xd9\xd5\x15\
\x8b|\xfb\x02\xfb\x90\xcb\x09S\x99\xef\x1a\xa0\xf5\xbd\x1a\
\xd1\xdd\xca%\xf6\x03x\xc2\x84\xb1CQ\x9e\x0c\xea\x96\
\x01\xe6\xc3\x8c\xa9\xe3\xe4\x9a\x7f\xca\x83\xee\xd0c\xbcx\
\xf4\x7f\x07\xa27\x94[\x9e\xa3Q=\x03t\xfd\xcay\
\xa9\xf7\xff\x9d\x90\xab\xc8\x0c\xfb\xe0\xd5\xcb;\xc6\xab\x07\
\x1f\x8c\xa0\xaaDV-\xd7\xf8'X\x03\xdd:\xb7G\
\xbfR\xa4Ww-3=\x15\xf5\xeb\xddE\xde{.\
?:\xc2+\xde\x94\xc4\xec|R\x84\x18\xb4:\xda\x9a\
h\xdf\xee-R\xeb\xffc\x87\xf7`\x19W]1\xe2\
\xeb\xbe\x11[2w\xff\x8fP\x94\x5cP\xd8\x1f\x9d[\
4\xc3u\xdc%m\xb1\xdf\xbf 7\xd7\x16\x820\x11\
\xca#\xe6w\x22\x8f\xb8\xa9\xe3\x8a\x14\x87\x091A~\
\x0bf\xa0bI\xea\xd2\xa1b\xb4z\xe5\x22\xb9\xe0\x85\
\x88HA\x5c\xf9\x07f\xa4\xe6\x84\xc2<\xa3\x1a\xc1\x0b\
\x87\xb8)\xb1\xfd\xe9/\x9f\xa0&V\x16\xe5]\x0b\x86\
\x17}\xe5\x8ag\xec&O}W\x94\xbdx\xc4\xd0\x7f\
\xca\xc4e\x15\x15\xe6\xe1\xd8\x1d\xa81\x0d\x045R\xb9\
1\xc5@\x86\xf5\x1d7\xac\xbc\xe5MA\xba@\x7fZ\
\xff\xafT\xc4Xp\x90\x15\x0d\xf4uQ\xf0\xf9\xe3\x14\
+)\xc4\xfa\x13\xf8KF\x8f\x1c\x88<\xdb:\xa3f\
vM0\xb9\xb7qB#\x87\x0f@\xdb\xb7\xacAo\
_\x87S<\xab\x00\xdd\xb8\x1a\x84e\xd9r\x967\x85\
\xf9g \x96\xa4\xb6\xbclm\xe2\xee\xc5m\xa8\xfds\
\x8a\xefH\xd4\xa4\xb1\x05\xf5\xdd\x9f\x98f\x0e\xae7\x1c\
\xe3Xij\xcf\x80\xda\xdc\x13\xc7\x0fG\x9e\xee.\x8a\
\xc8w\xb8\xeb\x97\x83\x9d\xb3>\xc1pQ\xd8g\xe5\xc4\
\x8brp=\xd9\xb9\x00\xea%q\xffp\xcc\x89\xf9\xa7\
\xc7Q+x\x9eG4\x91C=\xcb\xa3\x0e\x9f$\xe3\
\x00x\xb66M\x1a\xa2\xf6\x1e.\xa8\xbd\xa7+\xb2\xb5\
\xb1D\xfa\xfa:\x92\xc4\x96\x97\x07e\x90<\xb8q\xb2\
\xac\xdf+M>\x048UcG\x0dBW/\x9fE\
_>G\xa2\xb4\xd4D\x94\xfe+\x11\xc5|y\x8fn\
\x5c\x0bB\xbe\x14\xdf151Tt\xbe\xc3]\xa7a\
\xad\xa2\xe39q\xf4\xb1+\x97\xce\xa0\xfc\xbc\x1c\xbe\xf2\
&\xf8\x91o]\xbf\x80\x5c[5\xaf(c\xb0\x93\xd4\
KU\xe8\xbe\x87\x9a^\xe1O\xef3\x96\xfb!\x97\xa0\
\x82\x8c\xc1U\x92\x97\xa8\xb0\xfc\xbe\x9e\xa1>\xbat\xe1\
\xa4\xc8\xba\xd7\xad\xeb\xc1$\xe7H\xa1\xf7\x03\xc0J\xf8\
\xa0\xa8\xcf\x07\xfb\xe9\xc8a\xffP\xba\xd4o\x91\xfb\xbf\
\xa0 \x17\xcb\xa1\x0ab\xf3\x14\x14/\x1a\xa7\xa8\xcf\x07\
6K\xac{\x89\xd9`O\xd6\xd7\x97?\xa6\xa5\x08\xf4\
K\x90\xecY\x92s+'\xa2\xf3k\xe0\x1b\x90\x0b\xf1\
\xe1\xfd\x1b\xb1\xfb?\xe6\xcb\x07,\x9b\xd2c\xca\xd5\xe4\
\xf0\x0et\x122\xf6\xd9$>\xa5l\xdfS\x04\xba\x7f\
\xcb\x16\xb6\xc8\xc5\xb9\x99\xcc\xc9\xb5e3\xe4\xd4\xdc\x06\
\xe9\xea\xd6)\xc1\xf7uq\xb6C\x89\xf1_\xc5\xee\x7f\
\x90MA?\xe0\xf0 \xc8-j\xe1`\x8d\xef%\xab\
\xf7hE=s+'69;6\xc5ye\xea\x82\
\xed@\xe9\xfcx\xaf[\x1bg<\x87\x92\x93\xe2\xd1\xcf\
\xa48\x99\x12\xd4\xd1\x00\xfb\x8e#\xd5?\x9c9\x8a\xfb\
?.F\xfc\xfe\xa7\xf4\x03\xd0\xd185\xed\x9a\xda4\
B\x11\xaf\xc3Q\x0au/\x99\xbdKb\x1cJJ\x8c\
\xc5\xc7_\xa3\xa3\x90\x97\xa7\xc0X\x97|~1np\
\x8e{[W\x94\x99)\xbf<\x89\xac\xcc_\xa8\xab\x8f\
G\x89\x1e\x0by\xba\x1f\x22_\x8b}=\xf0\xdf4\xb5\
nHl\x15j\xd8f\x97\x96\xfaS~y}\xbf3\
Q\x07\xaf\xb6\x82\xfa?[\x10\x06zkW\xf9>/\
\xd88'\xf9\x8e\xc2\xb64\x0e\xbf8\x7fF\xfc\xba9\
\xd7.\x9f\xc3\xb9\x1e\xc0\x83\xe1\x9a\x90\xe3RX\x98'\
\xb7\xd7\x81\x9c|\x98\xc3\x02\xfa\xff\x17?\xdb\x9b\x1a\xa9\
\x89\x91\x10\xf7\x15\xc9\xb3\x1d>\xb8\xb3\xa4^\x0d<\xf7\
\xd0A}p~\x90\xa8\x0d\xf4\xe4q\xa3\x07\xd3\xde]\
\x0d\xdb\xae\xe5\x9a_\x9c\x9c\x80\xf1*\x04\xf8>\xc1\x17\
|\x9f\x9f\xee\xd3\xa8\xa1)z\xf7&\x5c\xae\xcf\xfc\xf9\
\xe3;dKb\xa4\xe0\x19 /\xe8\xdc\xe9\xc3\x22_\
\xe7\xea\xa53\xd8^\xc4\xae?\xa9\x8e\xac\x1a5\xc0\xfb\
\x8b<[\xf4g\xea]l\x1a\x09\xca\xe9{\xc9\xab\xfe\
\x1b\x87@v\xbe\x13zS\xeey\xa0~\x0bg\x22u\
\x22\x8b\xaa\x91\xba\xe6O\x1e\x86\x89\x90\xcb\xf8\x00\xdb\x8b\
\xd4J\xae\xa1\x8af\xcf\xf0\x95{\xde\xebc\xea\x99\x8d\
\xea\xe9\x0b\x92A\xaf\x10\xcc\x8cb\xde5&5\xd1\xe9\
\x13\x07\xe5\x1e\x9b\x0f\xfb\xa6KK\x87\x12\xde\xc1\x19\x83\
\xf3g\x0e\xa3\x1c\x01\xbc\x08\xf4d\xc8\xa5\xa3\xf7=\xac\
}\xc8q\x89\x92`\x1f\x17\xb7]\x0a>-\xac\x96\xe7\
v\x12\x93\x98\xc7{\x0fVAK\x16\xcd*\x97\xdc\xa0\
k\x97\xcf\xa2\x06\xf5MhsX\x0d\xf3\xa2\xa1\x83z\
\xe3=\x19\xe4\xa2\x04J6M\x8c\x8fAQ\x94\x8e\x06\
z2\xd8*\xc0\xe7H?\x07\xec\xd1Ag\x8f\x96\xcb\
;\xac[\xed\x87\xf1\x8b\x04\xd8\x9f\xa7\x13\xfc\x0c\x9e2\
(\xc8\x0c\x83\x06\xf4\x92I<\xa6pFT\x84\x8e\x1f\
\xd9\x83\xc7\x80\xb3\x0e8\xfe\x17\x90\x8b@6\x05\xfd\x00\
\x08\xf4d\xa8cA\xf7\xbf\xc0\xbc\x07\xfb\xdb\xfe\xdd\x9b\
q-1y7\x90\xb3FQ\xf2\x16G\x96\xe3\x93\x97\
\xd1\x99\xe4xE\xf2\x93\x81`\xddC\xed\xed\xf2hP\
o\x11|-`K\xe6\x8e\x19\xe7`d\xa9\xaa\x95\xc5\
\xb6\xd2\xa4\xc8\xb9\x85\x1d^\x13\xd2\xae\xad\xca\xb4\x81\x0e\
\x86y(\x7f\x1b\xf8g\x82\xbfY\x8b`\xf7\xf0\x94\x81\
`\xcd\x87\x96C~\x16\xbd=\xb8{\x1d\xd7\xcceb\
K\x86\xdf\x80\xdcs\xfb\xc6\x85r}\xe6\xc7\x0fC\x91\
\x89q]A\xcf|\x8b\xc4\x9bC\xfc\xc92A9\x8a\
\x10CV~\xad\x08\xdf_\xb4\x9c\x09u,C\x15\x97\
\xd3\xdc\x87\xb6u\x93\xbf\xb0\x18\x80\x0d4<\xe4.D\
\x17\xe6\xa9\x07w\xee\xe4\x8923R\xcb\xe5=^>\
\x7f\x8c\xf32D\xc1\xc5P\xc3u\xdcME\x92Y\xa5\
\xd9r~g\xa0\xde=|\x04\xe9\xbdy\x04k\x99\x13\
\x7fe\xca\xcf\x0f\x83sD)\x19\x020\xd9\xe4\xdd`\
\xdf\x1f?f\x88\xd8u\x91\x87\x0d\xee+\xb5\xba\xc8\xa2\
\xce\x19\x90\x1b\x04\xf0\x9e\x18\x82wM\xcf\xf5=\x22\x88\
\x07-\xf3\x9b\x83\xe4\x8d\x15\x00\xf6\x1b\xf0?\x8aWw\
\x99m??_\x0e\xb2\xe7\xfa5K\x85\xf1\x9es<\
0E\x87\xf0\x8bC\x019\xa8\x95\xb3\x03\x8a\x8b\x95\x9f\
\x1c\x04\xf1\x9d];\xb7\x97\xb8\xae\xb3W\xbb6\x94,\
\xf2Cn\xcf\x0dvg\x8f\xb6\xad\x04\xd9|\x8aH\xcc\
\x0fw\xfc?\xc8\xa1Q\xfc\xde\x050*\x02\x0f\x06\xc8\
\xed= \xffB[[r\x5c\x0c\xb0\xe5\xc1^(\xaf\
v\xfa\xe4!a\x18r1D\xee\xe4\xee\x7fe\x12\x8f\
\xc2w.u\xea\xe0\x8e~\xa5$\xc9\xc5\xfe\x00\xf2\xbb\
\xb4\xeaR\xdb\xdb5\xa1\xf4\xe5W2\x7fn\x90Qz\
v\xef(l\xcd\x1e\xa4\xd7\xb9\xe1\xca\x01k\xc7\x0f?\
U\x9d\xf8\xc3O\x1c\xdd'c\xb5\xb7\x00-^0C\
\xaa\xf1\x9b\xb0\x7f\xcd\x9a>A\xe4\xba\xd7\xa26\xc0\xb2\
d\xfb\x1b\xf8\xeeWYD\xd6\xe4\x97\xff\xa8*(\x16\
\x1a\xc6\xb5\xbdgk\xac\xdb\xc9\xaa=}|\x075\xa4\
dGi\xd7\xd563\xad\x87\xee\x85]\x97\xd9s\x03\
_\x00lM!s?\x84\xd4?\x10\x94\x03\xdc_P\
.\x86,\xf9)\xe4Y\x0c\x1f\xdaOfu\xbb\xfb\xf7\
\xed\x86\xb2d\x84;\xba'`\x13\xc67\x15\xf0\x0cy\
$\xc7NX\xfe\xbb&\xc1\x8b\xe0\xcbO\x9bZ7B\
\xaf_>\x95\xc1\xfa=\x86\x0c ^@\x061k \
\x8f\x02\xd6\xb0,\xf8'\xec-\x0e\xcd\xac\x85\xedW\x0f\
\x84\xd5\x13\xa7\x8d\xc1?\xfc\xf4\xe1\x12\xddfH_\x94\
\x95\x99&E\xb9-\x16uh\xef&\xf3\xba\xe3m\xdb\
8KU\x8e\xce\xc9\xce\xc2:\xa2\x90<\xa7\x5cR\x83\
\x82)\xfe\x89\xaa \xbc=\x98K c\x05l_/\
5\x9d\x0cr\x87\xb4\xb4d\x1fs\x06\xf8\xaak\xfd\xfd\
\xa4\xf6\xdc\x07\xf7m\xc7\xf9\x08B\xd6\xecu\xc2W\x98\
\xf6?\x07W;I\x10\x1f\xb2lh\x8e\xeeJaO\
\x8bz\xff\x1a\xcb\x88\xf2\xaa\x9bnm\xd5\x10\xbdy\xf5\
L\xe2\xe7\x06\xfb\x92M\x13Ka\xcf\x0d1\x0e\x9d\x98\
\xe2\xc0q\xe1\x11\xac\x13\xb6\x9e!7\x0b\xfaO|?\
E>\xf6\xcd\xca\xbb.\xfb\xa4\x09#\x04\xe6\x12\x08k\
\x10\x97\xd6\x9e\x19\x8e\xd0v:\xde\x80\x88\x18p&\x04\
\xb7F\xa0l\xdd\xafO\x17\x8ck$N\xbb\x7f\xe7\x06\
273\x92k\x9c8\xc7Gp\xf3\x9ax>\x82\x94\
\xe4\x044tp_&\xeb\xf5%\xc1u\x10\x17\xff\x90\
c\x9bN\x16\xf6>cG\x0d\x16Y7\x86x\xb7\x01\
\xfd\xba\x97K\x8c8\xdc\xb3{Wo\x94\xf6K\xb4\xf8\
\xb2\xf4\xb4\x144q\xc2H&9\xf5i\x5c6fq\
1@\xab\x92z\xea|\xeb\xa4\xa9\x13\x9f\xc7\x84q\xc3\
E\x1a\x03\x90\x05A&,\xaf\xf8\xf0:u\xb4\xd0\x81\
\xbd\xdbD\xea\xfb\xa9\x93\xc7`_\x90\x90g.&q\
%\xd54$\xc7\xbfe\x11\xcc\xa03L\xfcNcG\
\x0dAI\x09\xc2\xed\x8dq?\xa2\xb1,X\x9e\xb8\x18\
\xc0?Z:\xd9\xa3\x98\xe8\x0f\x8cx\x0e\xcc{\x06}\
\x0ft\x89.\xebK\x82\xc3M\xbb\x06\xf8\x0b\x1e\x0b\xe4\
C\x04\xe3\x1fj\xdc\x08\xde\x93\x8b\xd1\x1aJ\x06T\x04\
\x5c\x0c\xb03A\x8c\x8d \x9c\x0f\xb0\x07B\x1c$<\
/\x83\xbe\x7fA\xea\xe1H\x05\x03\x9dk\x1d\xb8\x08\xb2\
Q\xd3\xf7\xe46\xaeND6-+g\x83\xecg\xdd\
\xa4\xa1B\xe4\xc7\x81<\x0art\xf8\xd3{<\xfb\xfe\
\xd1\x83P\x8c\x15\xce\xf0Y\xa3I>\xb5,k\x00t\
&yK\x82\xf77\xa2\x1f\x80\x8eF\xd7\x93A\xe6\x9b\
H\xc9~\x8a\x84\x8b\x01{\xf1\xa8\xe1\x03J\xc5\xf9\x82\
-j\xff\x9e\xad\x18?\x85\xa1|\x10O\xb0\xb2eR\
\x07\x86k\x0c\xfa\xf0\x8b[\xe7\xe6\xaf\xa0'\x0f\x1f\xd2\
\x0f\xbd!\xf6\x22\xc8K\xe4\xc4\xc5*R\x9ee\xdd\xba\
z\xe8\x22\xc9\xb3\x848\xdd1\xa3\x06a\xd9\x80\xe1\xbc\
O$\x98\xa9Jr\xaa\x01\xc3\x19\x83\xefL\xec^0\
\x7f\x00\xeb|\xf5\xca\x05\xc8\xa7\x83\xbbB\xe6\xe5\xc2z\
m\xe7\xe1\x82\xd6\xfa/B\xf6\xd8\x96\xc6\x18\xcb ^\
\x1e}/\x80\x17E1\xe5\xb3\x1a\xea\x15!']M\
\x94\xf9\x11Mx\x8e\x92<k\xb1q\x8d\x81\xab0\x1d\
\xb9\x92\xd2sb#+\x97\x9a\x9c\x5c\xf7mH\xf4\x83\
\xc2\xff\x83~\x87\xf8\x85`n\x0cC\x05\xa8\x01\xa9E\
\xf4\xe4\xe4J\xdc\xf7`\xcb\xf4'\xf5p\x14\xb1\x06j\
Ub/zRI\xf9M/z\xec\x82\x22\xd5a\xe6\
\x1a\x07\x13b\xbbN\xaa\x04\xfd\x0e\xb9\x11[\x08NX\
E\xaa\x81]\x95\xecO\x17\x04\xf92\x15\x98rH~\
\x967/\xbc\xe0\x0aT\x07^\x8d\xf8\x93C\x14\x11\xe3\
\x92\x8f\xaf\xf6.\xc1\xe1\xd7\xa8(\xfd\xce`\x1c\xb4H\
l\xcb\x15Qkd\xcb\x11\x8f\xed\x06\x89\x83\xadSQ\
\xfb]\xc8\x18p|\xfb\xedI\xaccT9c\xcf\x15\
\x10\xcc\xf1=\x04{_\x8d\xd73W\x86\xc6'\xde\x14\
b~\x87Rt\x94\xe4\x1fd\xcb\x89\xaf\x7f$x\xd7\
\x10\x0feA\xf6\xaaJ\xd7\xe7\x22\xac\x89j$\x07\xa4\
+E\xcbI>Z$\x91=\xf2\xc4\xc4\x07,&k\
+\x95\x8c\xedeRG\xb1;\xc1\xbb\xaeVY\xe7\xba\
\x04\xe3\xc0\xa1Zdm\x80\xfc4\x96\xf8\xf2N\x12\xac\
\x84\xf7\xc4\xf6\x9aBr8\xd3I\x1f\xc7\x92~\x868\
\xb3\xd3\x04\xd7q\x1c\xb1\xc77 8\xbf|\xefY^\
\x0dB@\xe0\xff6l\xb3w\x1a\x1c\xab\xb1\x8f\xc3\xe0\
X\x99\xed\xafb\xffx1\xe2\xfc\x9c\x9c\x90\xc6>V\
+\xf999\xc1\x8f}\xac\x04\xc7\xb4;\x15s\x8e\x17\
\x97\x5c\x06_(\x8dsL](\x86s\x5c\xbd\xf4q\
\x18\xe7X\xb9\xe4\xf2\xf8\x06\xf4W\xf9s\xbc\xb8\xf0\xcf\
q\x1b\xfaq\xee\x9fcc\xfaq\xda\x9fc\xb5\x98?\
\xc7\xd5\xf9\x1d\x87\xfd9V\xa6\x1f\xfb\xfd9V\xa2\x1f\
\xb3\xfek\x15\xaa\xf1\x1bG~\xe3\xced\xce\xd0\xe7\x18\
\xbfy\xc8o\xde\xd2\xe7v\xa99O_\x0b\xf45B\
_;i\xb4\xe3\x5c\xdaZ\xa3\xafA\xfa\xda\xa4\xafY\
\xceE\x95\xb8\xd78}\xed\xd3y\x02\x9dW\xd0yH\
)\xdeR\xc2s,9}\xad\x04\xffLJ\x96\x8bV\
-\x16\xa6J\xb8\xbf(\x91\xfd\xa5\x1eEN\xc4\x8f4\
\x93\xa2m\xa4.\xc5#\xb2\x8f\xc4\x11{\xdbo\x223\
\xe5\x90\xe34\xe2s\x89\x22\xf1\x08\x17H\x8c\xdbl\x8a\
\xfaQ\xd4\x92\x22#\xb2\xdf()\xda~\xf3\x7f(S\
(\x11\xbd\x02\xec\xd5\xbd)ZJ\xe4\x83p\x8a~\x10\
\xf9A\x5c\x19\x8f.\xeb\xe5\x11\x1d2\x96\xd8\x0a!\xc7\
r\x05\x99\x136\x04\xeb^\xe9\xbf\xb9 \x971\x07\xdd\
\xaa.\xd1)\x01\xdb\xe0\x1a\xc9\xfb\xcb.';\x1a\xe0\
|\xdd$u>|\x08\xef\xa9\xfa\xdf\x5c\x90\xea\xb8+\
\x91\x983\xe8\xdf\x8d\x14=\xe3\x87\xad\xa9\x00v\xa6\x17\
d\xbf\xe9Fjr*\xfd7\x0f\xc4\x1e\xf7\xea\x145\
\xa3h>\xd1\x0f\xd3+\x90\x8d=\x83\xc8\x10~\x149\
r\xd5\xc4\xfao\x1e\x08\x1ew\x15b\xc7\xdcKx{\
Q\x05\xf6q\x15\x93X\xa6C$WE\xed\xbfy\xc0\
w\xdcU\x89\x9d\xeet%\xf5\xf5\xff\x22:E\xaf\x8a\
\xec\xff\x91\xc1\xb8\xffM|\x91\xa7I\x1fU\xf68\x9b\
\x0c2\x0f\xba\x10}\xf5\xfff\x1ep\xbdk\x15\x8a\xec\
Im\xe0\x9f\xff\x87qn)d_p&zM\xa5\
\x9d\x03<\xd6\xbc>\xb1\xab\xc8\xac6(\x1b\x9f\x98S\
GO\x15\xe3E\xb2\xeb\xeb\xa9 u5\x15\xa4\xa9\xa1\
\x8a\xb45\xd50\xc11|\xa7\xa6\xaaB\xfb\x9d*\xad\
\xd6\x82Lc\xbaA\xc6YDt\xc7\xca\xee\x1f\xadJ\
\xb0`\xaeK\xd3?\xadN\xb0\xe98\xf5\x1255\xd4\
\x90\x89\x91\x01\xb2j\xdc\x10\xe3\x98\x0e\xec\xdb\x11\xcd\x9e\
1\x0e\xadX:\x1f\xad_\xb3\x1c\xe3l\xec\xda\xbe\x0e\
\xed\xdf\xbd\x09\xd3\xae\x1d\xeb\xd0\xb6M\xab\xf1\xdfV,\
[\x80\xe6\xce\x9c\x80\x06\xff\xe3\x83Z\xb7j\x86\x9aX\
5D\xa6\xc6u\x91\x96&\xbd>\xa3\xba\xb4s\xeb\xc0\
_\x1eFt\xdcj\x95e\x0ep\x8d=\xc46.d\
\x92_\xc1\x14\xf7\x02\xd6&\x8cI\x1dm\x0d\x9c\x13\xe3\
\xed\xd9\x12\xcd\x9b5\x11\x8f\xed\xbd\xd0\x8b\xb8~\x1d\xd4\
\x8d\xf8\x9d\xf9\x0b\x15\x171\xc7\xe8).\xcaG\xd9Y\
i\x18\xf3\xeb[\xf4\x07\xf4\xf0\xee\x15\xb4'`\x03Z\
0g2\xea\xe4\xe5\x8akq\xea\xd4\xd1\xc4\xf7\x962\
\x7fH$\xb6E\x83\x8a<\x07x\xf0{\x07\x8a\xceK\
c\xcds\xeas\xea\xeb\xd5A\x8e\xf6M\xd0d\xdf\xe1\
\xe8\xf0\x81\xed\xe8\xfd\xdbp\xf4+%\x91\x1a<\x19b\
\x83R\xd7NKMBQ\x91/\xd0\xb1\xc0\x004}\
\xf2(\x5c\x0b\xc6\x00\xd7\xa8T\x91V\xfeI\x01\xa9\xdf\
\xd6\xb2\x22\xee\x07\x5c\xcf\xfc\x17\xf1\xc3DH\xba\xd6\x81\
\xefji\xaa\xe3\xba'\x13\xc7\x0dA\xe7O\x1fB?\
\xbe}B\x05\xf99\xa8\xbcZaA.\x8a\xff\x11\x8d\
.\x05\x1dES'\x8d@\xcd\x9a6B\xdaZ\x1a\xd2\
\xaaW\xfa\x81\xc4\xacU\xaf(s\x80\x87>?G\x92\
Xe\x0e.9\xacu\xefv.h\xc7\x16\x7f\xf4\xe9\
\xc3\xabr\x1dsAs\xe1\xcb\xa7\x08\xb4g\xe7z\xd4\
\xb9c[\xc2\x13$\x9e\x07\xa9$\xf7AS\xd1\xe7\x00\
\xd7\xd8\xebQ\xb4U\x5c\xbf\x0c'\xb7\x0f\xfa\xb0w\xf7\
\x0e\xe8\xec\xc9\x03(9)\x16U\x94\xf6+%\x01\x05\
\x9f?\x8a\xfa\xf7\xe9\x8c\x0c\xeb\xea\x92y Q\xdc\xf0\
^n\xfd@\x81\xc7\xde\x8c\xc4 \x8a\x9d3\x05\xf9\xa9\
\xdd\xbb\xb4CAg\x0f\xa3\x8c\xb4dTQ[VF\
*\xba\x12|\x02\xf5\xe9\xd9\x11\xcfe\x09s\xb3\x82\xb8\
\xb0\x95\x15q\xec-\x09F\x84\xd8>w\xc0\x0a[4\
\xd7\x17\xd7\xa0\xae,-3=\x19\xad]9\x87\xd2\x19\
\xb4\x04\xd5\x0cdB\x80_\xd8TAs\xc4\x1a\x938\
{\xc9\xf4:J\x86\x9e>y\xa4B\xee\xf1\x12a\xcf\
\xce\x9f\x82s\x90\xa5\xa0\x1f\xdc\xa3\xc8N\xc1r4\x1b\
Jc\xecK0]M\x0cQ\xc8\x8d\xa0J3\xfe\x8f\
\x1f\xdcB\x96\x16\xa6\xd8F%%;\xc1\xbd\xf2\xe4\x03\
\x5cco\xca\xaf\xce\x8b$\xb8!}\xa9=3\xfdW\
R\x85\x1f\xfb\xdfYih\xf8\xe0^HM\xfaXh\
\xb7\xcbC\x1e\xe0!\xe7\x1f\x930\xc6\x8e\x0f\xa6\xad6\
:rp{\x85\x1f\xff\xf3g\x0e\xb1k\x05\xcb\xc6\x87\
\x10$o\xbd\x80+Nc\x0b\xb1W\xc9\x04S\xb7\x8d\
ks\xf4=&\xaa\xc2\x8e=\xd4\xb8\xee\xd0\xdeU\x96\
8\x88\xa0\x17\xecc\x82A+\xe5\xb1\x07\xbb\xde,\xd9\
\xc7]\xaa\xa3U\xcb\xe6\xe0\xda\x99\x15P\xeaC[7\
.\xc7\xf6@\x19\xfb\x91\xf3\x88\x8d\xa8\xba\x1c1\x9az\
\x11_\x85\xcc1\xdc\x9a4n\x80^\x84\xdf\xabp\xa3\
\xff\xfe\xedsdo\xd7X^\x98T\xa9\xc4V,\x13\
\xac(\xae\xb1\x07\xdd\xe3\xb5\xfcp\xfcT\xd1\xf81\x03\
QnNf\x85\x19{\xd0]gM\x1f[R\xebW\
N\x14\xc5\xed3\x92\xc1\xf8C\xfe\xfcYyc\xd8\x19\
\xd7\xd3GW/\x9d\xaa0\xe3\x7f'\xe42\xaaoV\
\xaf<\xb0\x00\xaf\x92\xfc\x08Y`TB\xec\xc6<~\
5\x85e\x8e\xe9\xdc\xa5\x1dJM\x8eS\xf8\xb1\xcfH\
OF\x03\xfau)\x17\xeck\x22\x8b\xaf\x90\x04\x1fY\
\x00\xdfwg\x82\xcb(\x1b\x1e\xa0\x81\xe3-\xf6\x06\xac\
W\xf8\xf1?qt7\xf6W\x96#\x0eh\x22\xc1o\
\x94&F\xb3.\xc1w)WLk\xe7\x16\xb6\xd8\xc7\
\xaa\xa8-\xf6\xfb'\xe4\xd1\xa6E\xb9b\x7f\x13\x0a\xa3\
\xdb\x05$\x1c{%R\xcf<O\xa3\xbccf\xd5\xd5\
\xd0\xe2\xf9SQQa\xbe\x02\xaa{\x85h\xed\xaa\x85\
HSS!\xf0\x7fa\x1fXL\x8f+\x96`\xfcm\
\xf9\xd5\xd0-\x17Lo\x0b\xa8?|[\xe1\x86\xff\xcd\
\xcbG86I\x810\x88cHl\xb9$5*j\
\x90\x1cx\x85\x89\x9b\x07;\xfa\x88!}\xb0]]Q\
Z^\xeeo4y\xc20\x85\xc2^'t\x88\x9ec\
\x22\xc6\xf8\x03NO\x82\x22\xbd\x13\xc8U\x86\x06\xba(\
\xe8l\xa0\xc2\x8c\xff\xcd\xab\xe7\x90\x89\xb1ba\xbf\xd3\
\xecB]\xc4\xac\xd1T\x9b\xf8v\x14\x0fS\x9d\xe2\x01\
\x1d\xbdZ\xa3\xa4\x84o\x0a\x11\xeb\xd5\xab\xbbwy\xe9\
{L(\x98_mR!\xe3\xdf\x91\xe4()\xe4{\
\x81]}\xdb\xe6\x95H\xde\xb5\xe3\xb9\xdb\xa1}[\x90\
\xae\x8eV\xb9\xd5Zb\x98o\xd8[\xc4\x1ay\xb5\x14\
u\xed\xd3\xf5A\x87fV\xe8C\xe4\x8br\x1b\xfb\xaf\
_\x22\x91kK{\x5c\xe3A\xc1s\x0d/\x10\x9c\x1a\
\xa6u*\xdb\xca\xc3\xbf#\x8d\x1aKsf\x8cC\x05\
\xf9\xb9\xe5\x12\xd3\xb5\xdco\xa6\xb4b\xba\xe4\x91{\xee\
\xc3\xb0Fo5E\x93\xf9\x05\xc9\x82\x0d\xcc\x8d\xd0\xbd\
\xd0+r\x1f\xff\x7f\x9f\xdcAV\x8d\xcc\xd9\xf5O*\
F\xbe\xf1!:\x0e\x89\x80\xf1oB\xb0{+\xc4{\
\x81\xdc5\xf0\x9f\xae(3=Enc\x9f\xf3;\x03\
\x8d\x19\xf1\x8f\x22\xea{\x82\xe8\x07\xc1\xa2\x116\xfe\xd3\
+R\xbd\x13\xe0\x01`o?yt\x8f\xdc\xc6\xff\xd2\
\x85\xe3\xa8\x9e\xa1\x9e\x22\xea{\xc2\xb0h\xfc81\x02\
|\xc6^\x9b\xc4\x15V(,\x05\xb0\xb7{\xb6uB\
q\xdf?\xcb|\xec\x93\x93~\xa0.\x9d\xdc\x15Y\xdf\
\x13D\x8f\xe9\xb9\xc5<\xc6\xdfS\x91u>\x81\xf5\xdf\
5\xd5\xd1\xfa\xd5\x8b@0\x93\xe9\xf8\xef\xda\xbe\x06\xd5\
\xd1\xd6\x944\x8f\xa3\xbc(\x93`\xd3\xf1\x1a\xff*\xa4\
\x06Q\x85\xc4S\x01}\xd0\xd6\xba!\x8ax\xf9Xf\
c\xff\xe9\xc3k\xd4\xa2\xb9\x8dB\xd6\x19\x14\x81\xb6s\
j\x1d\xf1\xf0\xf1>\xa8\xc8\x98: \x8fM\xf1\x1d\x8e\
\xed\xf1\xd2n\x85\x05yh\xc1\x9cIX\xe7\xac\xe0\xb8\
C/\x08\x8e1w|G\xdb\x8a\xca\xfb\xe9\xb2 `\
\xb5\xdc\xbav^\xea\xe3\xff\xf0\xde\x0d\xd4\xb0\x81\x894\
sx\xca\xd3\x1e\xd8\x99\xc7\xf8\xcf\x95v\x1eGy\xe9\
\x83\xbd{t\x90j\xfehV\xe6/4tP\xcf\x8a\
*\xf3\xf1\xa2U\x5c\xd8\xb4\xb5I.I\x85\x7f7\xb0\
\xc3\xeb\xeah\xa3\xc0\xfd[\xf9\xc6\xe5g\xfffc\xfb\
\xc4\xc7}\xc3\x841\x82\xb2~\xf1\xf5%\x9c=u\x00\
\xd5\xd5\xd7\xa9h\xfa\x9e \xbaI\xb7\x07\x93ZAQ\
\x95\xe4\xdd\xb0=\xde\xb5\x95=\xfa\x16\xfd\x9e=\xe2\xc5\
\x85X7\x0c>{\x18-\xf3\x9b\x83\x86\xf4\xef\x82Z\
\xb7\xb4C\xf6vV\x98\x5c\x9cm\xd1\xc0\xbe\x9d\xd0\x92\
E\xb30\xd6\xc4\xf7\xafQ\xd8\xbe\x0b-!.\x06y\
y\xbaT\xa6\xb5\x8f\x08n9=\x7f\xd4\x87\xe8\x06\x95\
\xe8\x1d\xd5\xd1\xd2E3\xd0\xdb\xd7O\xd0\xf2%\xb3p\
\xec\xa0\x81^\x1d\xa4\xca\x85\xed\xc7\x8d\x11\x08y\x87\x8e\
\x0e\xd68_\xfb\xf5\x8b\x87h\xfd\x9a\xc5\x18\x93\xa0\x92\
aO\xe6\x90\xfa\x05\x9c\xf1\x9fS\x19\xf6~nY\xb0\
\x9e\xa1>j\xd4\xd0\x14\xc7\x0d2\xc5i\xe3\xe0\xca\x81\
\x9c\x0f\xf2\x9e\xb1\x91Ae\xe2\xfbtZAd\x00\x88\
\xf1\x0a\xac\x8c\x18\xab\x18\x03\x94\xcf\xd8\xc1\xdf\xe8$\xe8\
7\x95\x14\x7f\xf6\x1c\x91\xfbt\x09\xbe~\xa5\xc7\xdc\xe5\
\xe0\x89\xa9\xab\xa9\x22C\x03\x1dT\xdf\xdc\x18\x13`4\
i\xa8\xabJ\x0b\xb7\xad\x22\xd5\xbd6\x22r\xc0\x97\xca\
>\xee\xc0\xd3\xc1W<\xa8\x7f7\xb4i\xfd\x0at5\
\xf8\x18z\x19\x1e\x86^Qt\xfd\xd2q\xb4u\xe3*\
\x8c\xd3\xd0\xd0\xc2\x14\xe7\xed\xfd\x1f\xcc\x83X\x92/\xe8\
C\xe2\x04+\xe5{\xc2\xb8\xc3\xfa\x1e?z z\xfa\
\xe86\xa5\xfb\xa5\xf3\xd5\xf3s\xb33q\xae1\xd8\x10\
\x8d\xeb\x19Tt;/\x13;P?R\x873\xbb\xb2\
\x8e}cKs\x8c\xd5\x9a\x93\x9d!R<\xf7\xd9\x93\
\x07\x91M\x13\x8b\xca<\x07\xf2\x08\x06\xfb\xca\x8a\xe4\xef\
\x17e\xec\x1bQc\x7f\xf9\xc2\x09\xb1cD\xc1\x8e\x5c\
\x89\xe7\x00\xe8{;H\x5cP\xa5\xdb\xef\xebR\xf2\xdd\
a\x8c\x1f$Y|\xf0\xd9S\x07+\xb3\x0e\x18L\xb0\
\xf8+\xd9\xdaWE\xa3\x86\xf5\xc3\x18\xee\x92\xb6\xfc\xbc\
\xdfh\xea\xc4\xe1\xf2\xc6r\x90g<\xc8\xb3\xca\xb6\xf6\
\x01?\xf0\xc1\xddkR\xf3\xff\x80L\x08y\x87\x95\x90\
\x07D)Jn\xa74\xfd\x7f}zxc\xec]i\
5\xd0\x0b@7\xacd>\x00\xa0\xf8\xf2\xc2t\x90\xdd\
\xf8\xab\xa0\xd5+\x17I\xdd\xff\xbfu\xd3*l#\xaa\
d\xe3\x9f\xc64\xcf\x83^OI\x91\xa8\x8c\xef\xb7\x8e\
&:q$@\xea\xe3\x7f\xfd\xd2\x09lG\xe0\xde\x03\
\x14\xb1OD\xd8\xa7\xa0\xee9\x83Z\x8b\xea\x94\x1em\
\x8a<Z; \xf7\xd6\xf6\x0aC\xae\xceM1V|\
i\xac(=\x14z\xe3\x8c\xd4\xc7\x1f\xec\x84`+\xa6\
\xf7-\xc4\x19\xb4jaC\xf5K\xf9\xf5A[\xd7f\
\xc8\xcd\x85F\xd4g+j\xacD\xa8- t\xfc\xc1\
^\xbej\xf9|\x94\xf6+\x09\xa5\xfc\x8cW\x08JM\
ID\x1f\x22_\x22\xa7\xe6\xd6%|\x00\xc6\xc6HF\
\xe3\xff\x92k\xfcq\xbc\xa9\x8d%z\xf7&\x1c?K\
y\xf5C2P\xd2\x1f\xfa\x95\x9a\x846\xae]\x82k\
\xa01\x1c\x7f\xa1\xfc\x1f\xea\xe2m\x5c\xbfR\xe107\
\xd2\xd3\x92Qgo\x97\x12\xbc\x1d\x0eN\xd4\xf1\xc3;\
\xa5~\xaf\xab\x17\x8fa\x9f\x11}\xfc[\xb7\xb2\xa3\xfa\
?A\xe1\xfa%`\xfb:\x5c\xd3\x90!\xff\xff\xc6D\
\xa6Z\xe3\xbfL\x01q\x16\xb3\xd1\xa4q\x83\x91\x8a\x8a\
j\xa9g\xf5_\xbe@\xea\xf7\xda\xbca\x055\xf6\xaa\
\xa5\xf4\x8c\xc1\xfd;\xe3X2Ek[6\xfa\xe3z\
\x96\x0c\xf3B\xdf\x0b\xfb\x1d\xc4\xc5@]DEl\xeb\
V/\xa1\xd6\xa2J\xa9q\xe9\xd1\xc5S\xaauc\xc0\
g4x@\xb7R\xfa\x1f\xc4\x11-\xf3\x9b]\xee\xf8\
\x03\xbc\xda\xda\xd5\xcb\xf0:`0\xfeq\x14=e2\
\xfe\xf3\xe7L\x96mm=1[\xe8\xcd j\xcf\xd7\
/\xe1\xcb\xf0?\xd4\xfe\x0c\xbb}Qj\xf7x\xf68\
\x145\xa0\xed\xfd\xf0?\xc4\x92]8{X!\xd7\xc4\
\xf2\xa5\xf3\xf1\x981\x18\xff\x0f\x043T\xf0\xf8S\xf3\
~\xcc\xf0>(O\x011x\xa1.\x98\x87\x9bS)\
\xcc=\xb0\xff\x0e\x19\xd8\x03efH\x9e\x13\x9c\x9b\x9d\
\x81&\x8c\x19TJ\xd7\xe4`\x11\xca#\xdfPd\x5c\
\x82\xc2<4k\xda\x18\xa6\xe3\xff\x88\xa2\x83L\xf2+\
;\xb4k\x89~\xa5(b=\x8eb,\xef\xd2q\x18\
8\xf5#\xf6\x06\xac\xa3\xfe.Y> \xf8\x8e\x0d\xeb\
\x96\xce\xf5\x05}h\xd9\xe2\x99\x0a\x89K\x0f\xb9\x0a\xff\
\xf4f\x8cG\x041\xff\xcb\x85\xf9\x7fa\xbe7\xb3\xb5\
Bq\xb1_\x15\x92\xdfE\x7fz\x8b\x9c\x1c\x9b\x96\xc2\
a\x01\x5c\x06\x8b\x06&\xe8\xfc\x99@1\xe7@1\xba\
\x12|\x0a\xc7\x0fp\xaf};\xa2\xf7)bKJ\x8c\
E\xad\x9cl\x99\xf8\xac\xc1\xff\xbb\x8d\xa2\xd1\xc2\xe2?\
 \x86\xb2\xa1\x859z\x1f\xf1\x0c)f+F\xfbv\
m 8L\xea\xa5\xc6\x0a\xe6\x00\xe0\x06\x8b\xb2\x17\x80\
\xbcw\xe4\xe0\x8e2c\x0f|\x05p\xa76\xaf_&\
\xf3<cq[\xcc\x97H\x5c\xf7\x9c\xc1\xf8C\xfc\xc7\
L&8_\xf0\xde\x06\xfauP\xf0\xb9@\xa4\xa8\x0d\
p\xb7GcL\x0e\xb52\x98\xa1`#\x04y\x00d\
BAz\x01\xf8\x8c\xc0o8zx?\x5c\xb3\xa7\xec\
\xb5T\xd1\xa0\xfe\xddQjr\xbc\xc2\xf6\xc3\xdd\x90`\
\xa6\xf1\x0a\xe9\x1a\xec\xda\xcc\xd6L\xf0^@\xc7\xda\xb0\
v9R\xe4\x06\xf9>\xdd:{\x96\xa9\xb5\xc5\x8e\xe9\
W\xc5z\x01\xe8\x86\xfe+\x16P\xfb\xfaN\x14r\xfd\
4\xb6\x15\x82\xbf`\xcd\xaa\xc5\xa8o\xcf\x0e\xd8w\x0c\
\xbf\xe5\xee?\xd8O\xdb\xbb;\xe3\xda\xdf\x8a\xdcvn\
[\xcb\xd4\xf6\x07x0N\x14\xe9PtW\xb8\x0e\xa8\
\x8a|\xc7\x0eB\xf9y\xd9\x0a\xfd\xfeP\x07\xbe[g\
\x0f\x9e~\x10N\xfc7\xe8\xc6:u4\xb0\xad\x18H\
WG\x13\xdb8y\xc5\x7fs\xf2A\xbc<Z\xa2\x17\
\xcf\xee*\xf4\xbb\x17\x17\xe5\xa393'0\x95\xfd\xc3\
\x09F8\xd4\x0d:\xc0$\x9e\xae\x95\x93\x1dJJ\xf8\
\x81\x14\xbd\x01\x1f\x80\xbd\x80[\x1e(5\xae\xa5r@\
\xf8\xfb<\x01\xeb\x03r\x7f\xa1\xee\xb8\xa27\xf0C\xc0\
<e\x88?\x7f\x86\x86\x0d<\x93\xd4\x12\x13\xe8\xff5\
75B\xe1\x8fCPEh\x80\x07\x16\xb0\xd5\x9fZ\
\xdf\xe2\xc5\xee\xb1c\x08\xf5\xd0\x865\x8bPZj\xc5\
\xa8C\x19I\xc9\xe7\x0d-\xcc\x98b\x14,\xa5\xe5\x80\
w$\xf1\xe0B\xceQC\xdb\xb7\xacF\x15\xa5\x85\xde\
\x0c\xa6\xf6\xfc\xbab\x8f?\xe8\xfd\x97/\x1c\xab0\xef\
\x1b\xb8\x7f\x1b\xc5\xaf\x18\xbd_6\x91\xfd8\xf9\x9f\xf5\
\x99\xf8\x01`\x7f\x1cF\xf1BQb\xe9\xcb\xabA\xed\
\xd8~\xbd;I\x14\xb3\x05\xe7\x02\xd6Wr\xa2\xe2\xef\
yPsl\xe2\xf8\xa1\xa5|a\x02\xe8+\x91\xfb\xe9\
x\xbfg\x85\xcb\x00\xea\xc8\xba\x89\x05\xfa\x1c\xf5F\xe1\
\xfb\x03\xf4w\xb0\x01J\x82\xcb\x0c2\x02\xec\xff\x01\xdb\
\x14\x9f\xe7\xfd\xf8\xf6\x115o\xd6\x84i\xae\x02\xc4|\
\xabq\xe1\xbf\xcc\x12&\x03h\x90\xfe\x00>\xa3\xc8\x0d\
\xf0\x1b\xdc\x5c\x9bK\xa5\x0e\x0f\xf4g\x0b\x07k\x85\x97\
\xff\xce\x9d:H\xeaN1z\xafe\x5c\xf8/@m\
(\xfa\xc9\x84'\x82-EQ\xf7\x00\xb0\xc9\xfb/\x9f\
K\xe9\xc0\xeaR\x8c)WC\x0b\xe6L\xc4\x18`\x8a\
\xd8@'\x9f0v0\xd3\xbd.\x9d\xc8{\xdc\xf8O\
u\x98\xd8\x01\xd4\xb1-\xd8\x14\xbdz\xfe@!\xfb\xe2\
e\xf8}dm\xd5@\xaa\xb8\xcc O[\xd47F\
\x0f\xef^W\xc8w\x8e\x8a|I\xf2\xd4\xd4\x99\xea\xfd\
\x86t\x0cHZ\x9d\xafeL\xd7\x83\xff\xf2yH\xd1\
b\x1f\xa0F,\xdbW\xab*\x93\xbc\x02\xe0{Y\x99\
\xa9\x0a7\xfeP\x07C\x84\xbac\x9bI-O^\xf8\
\xafnL\xf6\x00\xd8\x13]Z\xda\xa3X\x05\xf3\x7f_\
\xbbt\x0a\xd7\x8a\x95E\x9e\x0e\x8e\xf9\xd0\xd7\xc1\xf8P\
\x8a\xd4~&\xfd@\xed=[1\x95u\xd2y\xd5\x01\
\xa0\x8d?\xd4\x91\xbf\xc1T.>\xb0g\xb3\xe2\xd8\xbe\
\x92\xe3q\x8dXY\xe6\xe8\xc0\xb5\xbd\xa8\xbe\x06L0\
Ei\xa7\x8f\xef\x13E\xcf\xb9O\xf0^X\x020\xc0\
'\x93\xfa\x81B\xfb\xc2\xbb\xbd+\xfa\xa9 \xba1\xf8\
\x7fu\xea\xc8\xbe\x0e\x8f\x16\xf6\xff.E\x92\xc6\x95H\
\xc7\xc6\xf1\x13\xf5\xec\xe6\xc5t\xce\x83n\xb7\x80\x17\xfe\
;\xd7\xf87b\x92\x13\x88c\xadu\xb4\xd0\xe1\x03\xe5\
\xaf\x0b~\xf9\xf4\x16\xb5la+\x97<}v,L\
#\x14\x19Q\xfe\xf1\x1f\xe7O\x1f\xc2{\x12\xc3\xfd\x0e\
l>\xcd\x18\xd4\x7f\x00l\xe8MLq\xf7\xdb\xb9\xb7\
,W~\x08\xb5`\xfd\x16L\xc5\x18or\xcb1\xa6\
\xe6\xc0\x8c)\xa3\xca\xd5\x17\x0a\xfb]W\x1fOQ\xf6\
\xbb}\x04\xeb\x8dI\x0d \x17\x92\x1b\xca\xa8\x0e\xdb\xd6\
\x8d+\xcaM\x17\x80Z\xb0\x80\xf1'\xcf:<l_\
\x98!\x0a\xbd\x15\x5cn\xe3\x0f\xb2\x97\x0e\xf3\xbas\x10\
\xdf\xe3%B\xfd\xaf\xbf\x99\xc4\x85r\xf8!`\xa8F\
F\xfc+\xf7>\x00|\x87\x11C\xfb\x94\x89\xf7\x90W\
\x9ey\xbf\xde>(=\xed\xa7\xdc\xdf\x1b\xe2\x1d[9\
\xdb\x89\xb2\xdf\x81\xafWU\xc4\x1a\x80P\x0b$\x89)\
?\x84\xfa\xb7\xb9r\x8e\x0f\x87\xf8{^9\xb9\xf2\xc2\
\x99\x06\xb9\xfb\xe8\xa1\x9dr}g\xa8u7o\x96\xaf\
(u\x08\xd2x\xd5\xfc`0\xfe5\x99\xf2\x006\xd6\
\xaa\x1e:G\xc9#\xf2jP\xfb\xb5\x93w\x9br\xc5\
d\x00\xf9\xa7mkG\xf4\xe3\xebG\xf9\xd98.\x9f\
\xc11j\x22\xcc\xf93t_\x8f\x885\x80[\x13\x9c\
@F}\xd1\xba\x95=\xfa\xfc1B\x1eV~\xb4}\
\xf3J,{\x94{\xdd!\x0du\xb4z\xc5<H\xbc\
\x90\x8b\x8fOD,r\xb0\xe5u\xd0\x10\xbf\xfe7\xd4\
\x82\xdc(\x8a\x9fd\xfc\xe8AR\xc5^\xe1m\xef~\
!\x8a\xafS\xc6\xfa\xa0:\xf67\xbc\xfc\xf7\xbe\xccm\
\xdb3\xa6\x8e\x16U\xcf\xd9#\xa8\xe6#\xc39`E\
Q\x04\xd3}\x00\xf6D\xa8\x91%\xab\xf5\x00\xfb\xdf\x9c\
\x19\xe3\x15\xaa\x0e\x0f\xf8\x1b|\xc7\x0e\xa6\xc6(Kf\
\xfc\xee\xc8\xa1\x1d\xa2\xca:\x10\xd3\xed \xce\xd8s\x8d\
?\x90/\xc1\x8cg\xb4\x1e\x1a60\xc5\xfb\x94,\xda\
\xbd\xb0+\x18\xc7W\x91\xb0\xb80\xee\x88\x91\x01\xba~\
\xf9\xb4L\xde\xf9N\xc8e\xd4\xa4q}Q\xf8]>\
\xc1\xf4\xaf\x22\xee\xf8\xf3\xa8\x0b\xc9\xb8>\x8c*\xce\x8f\
l*u\x1f1\xc4t\x0e\xfa\xa7\xabB\xe2p\xe1\xbc\
\xf3\xae\xed\xa5\x9e\x1b\x12\xf5\xfe\x05\xf2pk!\xaaO\
\x13|8\xfa\x92\x8c=\x1f\x9bP\xb4(vR\xb0O\
}%5X\xa4\xd1N\x1d\xdbKb\x5c\x14\x0f\x87\x8f\
\x83=\x02\xb9f\xd2j\xf1\xb1\xd1\xa8_\x9f\xce\xa2\xca\
9 \xaf\xb7\xa7\xf3o)\x8d?\xf0\x92iL\xf7\x01\
\x8e<8\xa8\x7f\x0f\x94\x18'y\xde(\xe4Z{\xb6\
u\x96JL\x97,}\x03\xc0\xf7\xbeHA\x07J\xfe\
\x19\x87F\x0e\xeb'\xaa\x9c\x03|\x7f\x11\xc7\xbf/\xe9\
\xd8\xf3\x98\x03\xd0\x8e\x8a\xd4/\xd4\xf3\x0f\x1f\xd2\x97\xd2\
\xd7\xbfK \xfe\x14\xa2\xb5\xab\x16\x8a\x12\xe3P\x8e|\
@\x0d-\x9a?\x05\xfb%\xc4m)\xd4\x1e2n\xcc\
 \xac[\x8aXg6\x88\x9f\x7fWJ\xe3\xcf\xa9\x0f\
\x1f.J\x0c-g\x0e\x88\xcb\x07^\xbfx\x84l\x9a\
4\xac\x108\xdc \xff\x02V\xec\xe3\x07\xb7\xc4[\xf7\
I\xb1h\x1c\xa5C\xc3\x5c\x17\xd1\x97\x1dA\x97\xf7\xa5\
9\xfe<\xe6@g\xa6v!\xfa\x1c\x80\xbd\xe0\x9b\x88\
\xf2@^n\x16\x9a4~\xa8Lb\xbad6\x07(\
Yp\xf8\x90\xde\xe8\xb7\x88\xf8\xd3\xb0\xdf\x8f\xa0x>\
^\xf7\xa2\x8d=\xd8\xe9\xfb\xcaj\xecy\xcc\x01e\x8a\
&\x8aZ3\x0ex#\xe4\xe7\x8a\xa2\x17\xdc\xb8z\x16\
\xe7\xedV$\xecev\xee\x98.\xc1\x9e`\xd6>\xbc\
{\x8e\xfdI\xd0G\x22\xf2\xfclR\xbb\xf5/Y\x8e\
=\x1f\xff\xc0j\x22s\x88,#]\xbfrV(\x86\
\xc2\xaf\x94\x04\xd4\xab\xbbw\x85\xc4]\x86g\xee\xd0\xbe\
5J\x8c\xff*\xd4\xb6\x13v\xfb\x12ro\xed(\xce\
\xfeVH\xeay\xab\xcac\xecy\xec\x03`\x17\xd8\xcf\
$o\x84{\x0e\x80\x8d\x08\xec\x84\x82l\xc5\x07\xf6\x8a\
\xe4\xe3V8\x02\xff\xc4\xb6M\xfcc#r~g\xa0\
C\xfb\xb7\x22\xabF\xf5\xc5\x19{\xc0o9A\xd7\xf3\
\xe51\xfe<\xe6\x00\xc4\x92\x9f\x16\xb5~$\x1b\x97C\
\x1b\x8d\xa7\xe4\x5c^\xfa\x12\xe0\x98\xb887+\x85\xe9\
S\x11k\xd08\xd8YQ\xbc\xbd,f\xc4\xb7\x98(\
4u\xd2\x08\x5c\xa7DL\xb9\xf62Ef\xf2\x1e{\
>s\xc0\x8c\xd4\x12\x11y\x9f\x84\xfd\x0e\xfc\x86\xb0W\
r\xec\xe7P{\x17\xf0\xb544*~\xcd\x0dx\xbf\
\xd9\xd3\xc7a\xbf\x054\x88\x19\xbb\x12|\x12y\xba;\
c\x99XL\xb9\x06\xec{\x96\xe55\xf6|\xe6@}\
2\x07\x8a5\xc4\xf0\xa3\x1b\x19\xea\xe3\x18\x12\x90\x83\x1e\
\xdd\xbf\x81\x1a72\x97kL\x97,e\xc1\xfa\xe6F\
(\xe4F\x10\xe6s\xb3\xa6\x8fE\xa6\xc6u%\x91i\
`\xec\x1b\x97\xf7\xd8\x0b\xe0\x03\xa7E\x95\x07\xe8\xbc\xc0\
\xde\xae1\xae\xc7\xad\xa1Qyj\xad\xc0\xbb\x01N9\
\xe4\x91\xaa\x8b\xbf\xe6a]]R\x84u\xcf@\x1e\xd8\
/\xaa^@\x97\x0b*c\xbd5\x09\xdf\x0b\xe4\xfc\xe3\
\xe5\xb9\xdf\x8b\xa1\x17\xac\xa9|5\xe5\xcb\x85@\xbf\xdf\
J\x91\x9e\xa2\x8e=\x9f9\x00\x98\x12\x93D\xb1\x13\xfe\
Ge(\x91\xd4\xe8TU\xf4\xb1\xe73\x07\x94\x89\xad\
8\xfc\xbf\xb1\x14\x99\xdeP\xd4\x9bn\xd7S\xf4\xb1\xe7\
3\x078>\xa3\xa3\xa2\xf8\x8e\xff\x8f)\x8f`\xf14\
\xe3\xee\xc7\x8a\xd6\xb8\x9e_\x83\xc4\x0fD\xff7\xc6\x02\
19\xe7\x11,\x8e\x0a;\xee\x02\xe6\x00\xc4\x90\xb8\x12\
?\xf5\x7f\xbc\xa0\xf4\x9a\x87:\x0c\x1e\xf4\xd8\x8d\x8a>\
\xf6\x02\xf6\x03m\xe2?\x8c\xf8o\xecq\xae\xf5\x0cz\
\xdcFe\x1a{\x01\xf3@\x89\xc8\x05\x1b\xffOu\x84\
DR\x7f\xdd\x96\x1e\xa7[\x19\xc7]\x08/\xa8F\xb0\
\xc7\x0e1\xcd7\xac\xe0\x94Bl9\x9e\xf4|\xec\xff\
\x87\xb1\x172\x0f \x9e\xa0\x1d\x99\x07\xf1\x95p\xdc\x93\
\xc8\xb8\x03\xf6\x9a\xca\xff\xeb\xb83\x9c\x07\xae\x04\xa7\xea\
\x03\x13,\x1a\x05&\xb0\xdb~&|\xde\x9d\xa2\xda\xff\
\x8d;\xe3y\xf0\x17\xc1\xa2\x99B|^\xc9\x15h\xdc\
S)\x0a!\xb8\xea\xd6d\x8f\xfbo\xdc\xc5\x9b\x07\x1c\
\x5c\xb2\xb6\xa4V\xd5=2\x17\x8a\x14h\xbc\x8b\xc9\xbe\
\xfe\x90\x22\x7f\xb2\x8fi\xf3z\x97\xff\x9aD\xf3@\x89\
\xd8F\xda\x10\xbb\xf89\xb2Gd\x88\x13w \xe1x\
\x83o\xeb#E\x17\x88\xcd\xc6\x9d\xe8pU\xfe\x1bw\
\xb9\xcc\x05\x8e\x8f\xa9>\x91\xa9f\x11\xbc\x8a\xbb$\xf7\
5\x85\xf8\xce\x0a%\xdc\xbf\xb3\x09?\xffB\xf0\xf3\x02\
I\xbc-\xf85,x\xed\xe9\xff\x8dy\xb9\xcc\x05\x16\
\xd1\xa7t\xc8\x9e\x0bsb\x0c\xd93\x0e\x12\xfb\xdaS\
R\xe7\xe0\x1b\xd1\xbf\x7f\x92\xbd\x04\x8e\xbf\x13^\xf2\x8c\
\xe0\xa3\x83\x1e\xb2\x92\xa2q\x043\xb3)Y\xdf5\x04\
=CEk8(-\x0d\x8e\xd4\xfe\x04'\xfa\xc1g\
\xa5\x92\x8f\x85\xec\x9f\xb6\xe1|Nc\x7f.9!\x8c\
\xfdY\x99\xf3\xb9\xd4\xb5KN/\xb9@\x1a\xe73\xb9\
@\x0c\xe7su\xda\xddiO\xc0\xf5\xb0\xc5\x7f>/\
\xc6\xc8\x08\x7f>\x1b\x97\xba<\xb9A\xcc\x9f\xcf\xd5i\
O[\xf2\xc4~\x7f>+\x95\xbe\x1d\xbea1\xfd\xf3\
b\xda\xdb\x907\xca\xa5\x7f6.u{\xfc\x00\xdc\x9f\
c\xe8\x9f\xab\x97z\x1c\xfc@~\xf4\xcfJe?s\
\x0d_q\xe9\xcf\x8b\xb9?\x17\x96\xfe\xdc\x86\xfbsn\
\xe9\xcf\xc6\xdc\x9f\xd3J\x7fV\xe3\xfe\x1cS\xfasu\
\xee\xcfa\xa5?+\x0b\xfb\xecW\xfa\xb3\x92\xb0\xcf\xff\
q\xc4\xffZy6Q\xe7\xab\xa8\xebA\xd8\xfa\x12\xb6\
>\x85\xadoa\xfc\x81\x9b\x9f \xc1\x9f\x85\xf3/n\
~\xc7\xcd\x0f\x85\xf1On~\xcb\xcd\x8f\xb9\xf957\
?/\xc3\xef\xb9\xf7\x03\xee\xfd\x82{?\xe1\xdeo\xb8\
\xf7#\xee\xfd\xaa\xcc~\xc6\xbd\xdfq\xef\x87\xdc\xfb%\
\xf7~Zf\xbf\xe5\xde\x8f\xb9\xf7k\xee\xfd\x9c\xbe\xdf\
\xaf\xee\xd6\xc5K\xa5\xa6AM\xea\x0b\x95\x0e\xde\x9e=\
\xd8,U\x89U\xa3\x1a\xf5\xdf\xc0i'F\xc3\xa7\xc9\
\xd3\xba\xf4Rz\x118{7\x8be\xfb\xac\x83g\xdb\
^s\xa2R\xf6\xcd\x9e\xa3\xfd6*l\xb1\xfd\xcd=\
\xbe\x06\xe3\xaa\xba\xabX\xd7_\xe2\x96\xd0\xdb\xadQ\x0f\
\xcf[f'N\xcc\xe9]\xb5\xd6\xd31\x8fN\x0f\x7f\
\xb0\xb4^\x9d\x0bK\x1d\x0ang\x7f\xb9\xe0wp\x86\
{\xc2\xc1\x13\xde\x0dM\x17^,(\x9a\xaa\xf9\x97\xcf\
\xe3I\xb3F\xbfHN\xcdsU\xdb\x18\xe0\xf3\xfc\x96\
\xfd\x8f\x859\xae\xf1\x13\xfb\x0f\x1fn\xb6\xe6\xe0\x03%\
O\xe5t7\xb3M\xb5\x8f\xb0~[\xa1\xfaU\xfev\
3T\x1f0\xf7\xacV\x90\xb2\xa3[\xab\xf1gk\x1e\
4\xb4\xfck\x8d\x9f\xbb\x89\xb1Sm\xc3\xaa\xd9\xca\x05\
~\xb7\xb7/n\xd3-\xef\xb6\xfbA\x9f\xec\xb5\xdd\x22\
Tn\xfa*i_\x0eT\xea^c\xd4\xa4\xaa\x0e\xd5\
\xfb\xb3\xac\x97X\xb8y,\x0f\x8e\xf4\xb0\x9cS\x7f\xb1\
\xd5\xb5\xcd\xd7\x94t\xef\xbai\x9b\xaf\xbb\xb7(\xa6k\
\xcc\xec\xa1\xad\x82\x94s\x8ff\xa0\x1c\xf3\xda\xab\xbd\xb2\
k\xf5\x8aXw\xcc\x85\xd5\xe9\x90\xe96\xa7:cU\
F*\xa5,q\xac\xf1\xa0k\xfb\x05[\x06\xbc\x9d\xd2\
\xd7\xc4e\xa9r\xd8\xf9\xb0>C]\x83\x94\xde/\xb5\
\xad\xed\xd5\xad\xfd\x9df\x96\xca&\xba*_C\xaeV\
mYe\x90\x9f\xe1\xc1:w\xb7\xcf~\xaa\xf3\xd2\xe4\
\xa9\xba\xd1\x9dYC\xad\xd3\xec\x83\x0c\xde\xaf\xb4\xd5\x99\
\xf4\xa1\xcaJ\xab\xa7\xac\xaa\xfb-MT\x12jf\xfd\
u\xc3\xb4u\x8a\x16k\xd0\x95)Jw\x97\xbdwO\
v\xd3[\xf6k\xc9\x01u#\x8fC\xbe_\xef\xfe=\
\x8a\x15\xee\xe5a9\xbb\xfaA\xe3\x97\xa1\x19\xbfTl\
\x17\x1d0:sM\xc3\xc8\xdd&\xe8Z\xc6\x8b\xf1\xf7\
\x0f\x1d\x8e\xb2\x09\xf0o\xc6\x8a;h\xaa\x9ar\x83\xe5\
\xe1\xd7\xd3\xcf\xe7\xfe\xb8[\x81\xb3\xd6\xa8\x8f\xa9\x16\xcd\
:P\xe5\xd9\x12W\xcb\x11C\x9d\x9e\xb2\xf4:5y\
\xf9\xb7\x9e\xea\xde\x9a\x97<\x0c\x93\x1a%ui\x14\xf4\
wn\x95\x5c\xd6\x85\xdeN\xf5\x07\x9c\xe8\xd6V\x9f\x85\
.\x98g\xa7\xdd\xf3\xb3W\x9f_0/xE\xcd\xee\
55V\xf9\xff\xaabl\x16X\xabq\xf5;j\xdb\
\x94N\xb4\xfa\xed\xd7:\xecC\x8d\x16\xa1v_\xa7\xfb\
7\xac\xabff\x9a8!\xe6\xf7S\x94\xba\xd3\xba\x97\
m`m\xbf\xc9c\xddz\x0e\xad?\xc5\xe6[\xd5!\
\xd7s\xa75\xfa\xeb\x9dI\xed;\x1f\xfd_\x06\xd6\xb4\
\x9a\xb7\xba\x19\xeb\xcb0\xe5f~S\xc3\xf4L\xea\xcd\
\x5c:\xb9\xb9KX\x97\xe5\x1a\xfd\x96\xfb\x9bm{\xa6\
\xf34\xc9Ry\xca\xf0d\xff\xfb{\x17+\x8f1\xeb\
1\xb9yh\x9f^U\x97\xde\x0e+\x08\x1b8T\xff\
n\xa7n\xbd\x965c\xbd\x1dQ\xbd\xa5\xb2\x96\xfa\x9a\
h\xb7+nkZN\xad1\xb5_\xaeKP\xd5Q\
5\x8a\x974c=\x0a4o\x9d\xdePi\x8c\xe9\xeb\
\xa9u\xee\xbc\x18\xb6\xdc+\xadv\x9a\xf9\xf8\x09i\xba\
OY5\x1c\xee\x87,\xd2\x9cb\x14\x98\xd4Ec^\
r\xf5\xe2\xea.\xeb\x9d\x9cj\x17\xdcs\x1f\xc5\xf2\x8c\
\xfd<'\xa6\x99\xa7\xcb\x10\x8d\xfc\xc2j\xb7\xaa\xde\xf2\
;\xe1Uc\x80o\xf7\xee\xdd\x83Gmj\xe7p\xf7\
\xdf\x03\xabmYO\x82\xff\xeaQu\xdd<\xff\x1b\xeb\
L\xfd\x8d\xaa\x0f\xa8\xf1&s\xc9\x14\x07V\xcb\x97\xf5\
\xe6\xa8_\xd3x5\xd0\xa3A\xdarc\x83oSf\
\xeb\x99\x1d\xf8\xae\xe6\xa9\xb6,(Jg\xf9\x1e\xa5\xb1\
5\x06\xd6r\xa9\x92\xe5y)\xa2\xc7\xf2\x16\x8e\x9e\xf7\
\xb6o\xf6\xf7\x88^\xef\xefq/\xc8d`m\xbfz\
\xdd\xf7\xda\xd7\xfa\x9azz\xe0\xc2\x07\xe9\x9eJ\xb7\xfd\
\x96\xf8\xa7}\xd5\xb9\x9fmr\xe4\xef\xea\xca/\xab\x06\
T\xfbT\xebR\xbb\x06\x19\x96\xe3\xdb{\x18\xd6T\xf3\
\xba4\xf4\xa3_B?\xed\xe0\xe5\xc1JAJ\x1eK\
>\xf8g}\xde\xb4\xb0\xdb\x8a\xaf\x9e&\xf3\x9ck\xbb\
/Wma\x9e_o\xa5\xe1\xa1\xf1\xac-K\xf6\xf8\
\xe9\xfb\xe7\x86\xe4G\xf4\x8dX\xa1}\xdft\x98\x87\xa7\
\xfe\xb4\x10\xdf%\xeb,\xb4U\xdct\xef\x0fFf&\
\xed\xaf\xd8\xae9\xd8\xb0\x8aF\xf3\xa4\xf5'\x1c\x0aW\
\xa8'\xf9hw\xacfR\xe5\x1aks\xec\xdbzu\
\xa2z\xea\xad\xaa\xe6\xe01G\xd9fy\x0bu\xcd\xc4\
\xfb\x87\x86\xb3z\xf8\xb5Z\xf2\xb1\xfb\x8aV53\xfd\
\xdbe\xcd\xf6U=S\xbf\xea\xdd\x15\x87\x86\xb2Z\x9a\
\xa8\xe6?\xf7\xf2y\xd0\xdd2\xfc\xfe\xca\x84\x82\xf7\xb5\
6\xdb\xa7\xad\xf5]R8/\xc0\xc4\x91\xd5\xd2l`\
\xa6\xe1\xf0\xc5\xc7T\xf3\xb5\x97\x1cid\xab\xf7\xea\x86\
\xcbN\x93\x7fMj\xf7QV_}\xe2\xd3|\xc3\xcd\
OOw{lb\xd4\xbd\xebP\x8f\xdaN\x7f\xdf\xa8\
v\xf4\xceX\xd67\x8d\xd5\xaeWM\xabM\xb2\xd4n\
\xb6\xbaj\x17\xf7m\x9b\x9az\x84\xb7\xaem\xb0\xf4_\
\x96C5#\x8fm\xa9\xa7\x8aB\xee6~\xaf^\xef\
H\x94\xf9\xca\x80\xaa\x9dW}\x1b\xda\x8c5Qc\xd5\
\xc2\xc3\xddM[\xaf\xf8}b|\xe37\xca\xfdV\x04\
,\xf7\x9d\xbb\xf4\x01kF{\x87\xc9N\xff\x5c1\xa9\
\xd9\xce\xda\xa1]\x96\xc1{\xbf\x80\x95\xbe\xe3\x96\xdea\
e\xb5\xb3\x5c\xdc\xf7\xc3RK\xed\xc1[\xaa\xd4v\x1b\
\xa9:i\x8bu\xf8\xea\xa0\x1bV\xae5^E]_\
\xe6c\xba%\xb8e\xe6\xaf\x9bFmg\xf7\xff\xd2\xaf\
\xb1\xef\xac\x87\x9ff\xb4\x18\xb7\xb0\xfa2\x8b\xe6\xcd>\
U\x99\xa3c\xe7\xfc4\xd8t\xbcU]\xbfC\xfe\xb3\
\x9e'\x06W\x0dz`1\xe5\xd1\xa7\xc8'E\xd9\xd3\
\x8dn\xe6\x0f_\xd9%\xc0\xac`\x9f\xe5x\xd3\x85a\
\xb6\xfbw\xcd\xab\xd3\xe6vA\xcb\x17\xb7r\xfe\xda\xf0\
ce\xb3\x07\xe3\xaa\xba\xac\x1e\xeb0\xa1\x83\xf9\xd0\xb7\
\xc7\x0e\x9a\xab;\x17\x8d\xeb\x91z\xee\xe3c\xfd\xb9\xaa\
\xe7[\xff\xae\xa12\x02\xa9:\x1aZ\xda44\xb7Z\
\xbb\xa6p\x93\x8d\x86Z\xffK\xfe\xde;\xce}\xf4\x9e\
W\x14Zp\xfb\xc7\xce\x1b\xd7\x92SW\xe5f\xe5=\
J\xbfv\xe4\xe8\xaf_\xca\xe7\xaa\xeb\x0c\xbf\xb0\xdc\xd4\
j\x1e\xcbc\xf3\x89B\xea\x0e\xe1(k@H@A\
\x84\xddS\xb5M\xda\xb11Wv\xbdx\xbc\xa8\xcd\x1a\
\x03\xbd\xe6s\x93\xa8\xaf\xba5}\xfd\xdc*\xa7xU\
\xce\xce3&\x8e\x9dw\xdb\xffc\xfcj\xe5$C\x9d\
\xcc\xaag\xe2\x94j\xbb_+\xb2V^4f\xd0\xf1\
\x8f\xff\xe8fD\x85\xeb\xd7o9aR\x9d~\xfd\xbf\
\x1e\x9a\xb81D\xdb\xf7\xc5\xd6\x9c\x1d\xda(l\x7f\xc0\
\xddc\xbf\x7fz;\xdd\x09\x1d\xb4\xf9\xd9\xbf?\x0a\xc6\
d\xa4nU{\x9cQ-\x9b\xd5\xd3/\xb2\xfe\xedc\
\x8b\x876P~\xa9\x1b\xb0\xcc?\xa7\xba\xf6\x80\x81f\
\x17\x07\xe75\x1d1o\xb6{\xce\xdd\xd6\x8b\xf7]]\
\xf6\xaa\xe1L\xe5\xabGo]\x0f\x1a\xfd\xf0\xf4\xaff\
\xe9\x11[o\xdd\xc8\xde\xb3\xbe\x95\xf3\x98\x88q\xdbR\
\xb6k\x9eB\xca\xd7\x0c\xe7\xf4}\xf8\xef\xc6G\x8d\x07\
\xf8=\xafq\xb5M\xcc\xd3\xe8\x13\x13\x86\xf49?\xe0\
\xd1\x87\x85\xb7z.\xf2+\xd6\xb7~l\xe8\xd2\xf8e\
`\xe3\xf1&\xado+#\xa3O\x91?\x7fV\x1fy\
d\xf3\xcd\xf1\x0d>\x98?|\xea\xaf\xedPe\xbf\xdb\
\x9c\x9b\xaf/,U\xf2\xf6\x9a\x91\x96\xa8\xf7x\xcf\xf8\
Y\xad\xe2\xbfL3\xb6j3w\xe7\xc3\xa9!+r\
f\xa8\xe8\x84\xef>yw\xa9\x8e\xdb\x9b\x89M\x06^\
\xf3\xaf1\xf9\xec\xec\x06\x1d\xba\xab\x86\xf4Ok\xd2\xa2\
\xcdE\xf5\xcf\x89\xb5/\xbd\x1f\x17\xd6\xd3\xffa\xf3\x1e\
\x9b'\xb2\x0c\xcc-2\xb3T\x7ft\x9e8uu\x93\
\xdc\xac\x01\xfbC\xbeN;\xb0x\xea\xa9\xb1\xfb\x0c\x1f\
\x05L\x98\xa4r\xe4\xfd\x9a\xf1\x09N\x19\xbe\xf9GZ\
\x9c}\xf3\x22\xca\xe1\xda\xb8\xe4)\xad\x07\x07/\xf5\xdf\
f\xb1D\xc7UkX\xd5fU\x16~?\xbcyn\
5\xf5\x8d\xfe\x9b7\xa8\xfd\xe8\xfc\xf3\xf2\xa4G}\x0f\
,\xf0yv\xa4_h\xe4\xd3\xa637\xef\xff\xbc$\
\xa3hq\xb5\x0c\x0d\xed\xed\x09\xcf\xc7\xf6\xf91\xe9\xc8\
\xdc\xa5\xe8\xacq\x8e\xeeN\xbb\xb43S\x0bod\x9d\
vk\xf3\xb0aX\x03\xefS\xf56\xc5*y\xb2Z\
\x98k\xd6\xaf\xd2>\xdb\xff\xc2\x99\x82\xafu=\xb6\x19\
{\xfa'.\x19\x13\x07\xe7{M-\x8e\xb8Y\xbb\xfb\
\x22\xbf\x1f'j\xec\x08\xcd\xb1\xf08\x7fM\xe3\x92\xdf\
\xa9\x07\xdd\xee\x87\xaf\xb9\xe6\xf6\xe5RM\xfd\xcb,\x83\
\xc0\xbd\xb3\x0d\x964N|;\xf3\xf9\xfeyj\xe7]\
g\xe8v\xb9y\x01]\xfb`\xbd\xdb6\xfe\xf6\x0b\xcb\
/W[\x99l\x0cT\xf7<\xe2\x10\x97\xe2\xfcBs\
\x9c}j\xf4\x9bc\x13\xd6\x19\xbdW\xbb\xdd\xbbz\x08\
\xca]8\xa5\xba\xaf\xb6\x9b\xa3Y\xdb\x84VU\xf6Z\
\xd6\x1fQ\xcb\xb6\xca\xe6h\xe3Mq\xfbv\x9b/\x9d\
\x1fw\xebi\x9d\xe3\xfb|\xfbW{\xf8zb\xe8\xf4\
\xfe/\x0c]\xea\x98:\xb7\xba\xbb\xc5\xe5\xf7\xf31{\
#_\xdc\xca\x0f\xca\xe9\xfbc\xea\xabD\x8f)\xba\xba\
\xd5\x926o`\xf55\x7f\xb8\xa3\xfa:\xb7\xc9J-\
M\x8eeT\xf3\xcc\x9b9\xa6\xf6\xf46\x85[\xac:\
\xf7Z\xe4\xb7\xff\xac\xc1V\xfb\xf1\x03M\x8c:(9\
<N|\xf2>d\x90\xcf\xedG\x8fmv-(\xbc\
7-\xf9\xef\xdf\xca\xbf\xfb]\x08s\xadz\xed\x87\xeb\
&#\xb7\x9a\xb6j\xaf\x1e\xbf\x99\xe1{\xe1\xef[\x05\
o\xaffM\xaa\x17\xf0\xe6st\xad5\x89\x01\xbb\x96\
\xdct:\xd1\xd2\xfd\xafz\xbb??\x8fos\xfe\xf0\
\xf4\x8ba3\x16G\xdf\xfae[\x94\x9f\xad2\xf2\xf5\
\xcbi1\x03=\x1b]H\xac\xfaT\xd9\x9fu\xcc\xac\
\x9aU\xc0\x06\xf3C\xad\x87X\x0f2\xb2\x8d\xad>\xd6\
P\xf7A\x837\xa9\xb5\xde\x17\xdd\xdd\xfe%~\xa0\xfb\
qV\xa36n\xf3\x8a\xe6,\xea\x7fe]\xc21\xa5\
g]~\xa9~\xea\xec\xa7\xfa\x97r\xacRa\xdd\xcd\
\xc9#\xf2O\xd8\xcc\x1f^3\xda:o\xf3\x15\x15\xcd\
*\xe9\x03\x1fu\xeb7\xb8\xed\xbcG6\xdb\x0a\xf3&\
\x84\xfd\xaa\xa7\x9a\xf0j\xea\x99g\x1f\xbd\xc7\xfb\x86i\
\xcd~\xbf\xf0\xc8r\xa3\xa2jSF\xc6\xc7\xb9}:\
g8\xd5\xbb\xd8\xc4b\xa3i\xad\xe5\xd5_\xd6\xb1\xbb\
\xd0\xd0\xe4)J\xd92\xaa\xc76c\x93\x87\xc3\xbe\xaf\
\xbe^\xeb\xc8\xa7V\x86\xd7\x92\xbex\x1d\xb5l\xe36\
\xfe\xcc\xd6\x03!\x03\x0cO\xacq\xaf\x1e\xb8 \xb7\xd7\
\xc5\xc9#\xafT\xdfT\xbb\x89\x09\xab`\xd1|\xf7\x85\
!\x03\x1aw\xcd;}\x22m\xcec\xfdY\x16\xa1M\
\x874\xe9\xbd\xa1\x9b\xf9\xa9\xa9\xb5\x1c\xcf\xe7\xaf\x1e\xbb\
\xec\xde\xb5\x90\xe0\x02\xef\xbf?\xe7g\x1d\x1d\xdb\xd7-\
\xaa\xc8\xdak\x86v\xd4\xb0w*\xe1\x0b\xf6\xb4\x0c\xcc\
\x9azbu\x0e\xeb\xfe\x92\xe8\x9d\xd1\xd6\x9b\xcf\x15\xb2\
\x1c;\x7f\xff=w\xfa\x9dC7v\xd4]y\xccn\
\xfe\x17\xf7\xc4\xa7jw\xb5\xfae\x17\xcd^\xd2\xb1^\
\xaa\xea\xa7*\x01q\xd9\x01y\xedW\xb1\xb6v\x0e\xa9\
~\xc3~\xf7\xd5\xd0\x81>\xb3\xbe\x8f\xb4\x9f\xfc]+\
\xa5\x87\x96\xf3\xef\x1eo[\x87[\xbe\xce\xaf\xfd\xed\x92\
M\xca\xc8\xb5\xe9\xba\xeb\xbf\x07\xe6f\x17\xfcR\xaec\
\xe6b\xfc\xf5\xaf\x80\xa5\xff\x0c\xf0\xb3\x08\xdb\xe3\xaf\xb4\
\xe6\xd8\xa1\x0f\xf5\xc2\x8b\x12\xac\xda\xcf\xbc\xfc\xbc\xa9W\
\x9d\x825O\x1f\x8f\x8f\xecrY-S\xeb_\x8d;\
\xdfz_\xbf4y[\xfd\x01\xdb\x16\x07eD\xba\xd6\
N|k\xad~(\xba\xb3\xff\x5c\xbd\x9f\xeb\x07\xbf_\
\xd7uL\xdd\xb4\xc5\x01g\x0a\x13Z^m\x13\xfax\
\x0b\xc5\xe0\xda\xb4\x5c\x8a\x5c\x1c\x07\x5c\xd1k\xfb\xe2e\
\x87\xc8\xfe=\xf2\x94Z\xb6\x98\x10V\xa8\xd6\xdac\xba\
g\xc0\xc2\xd3W\xfc\xa3v\x8d=\xac\xebxOYO\
\xb5I\x15\x1f\xd7A.\x05q\x89\xe1!\x89\x1d'4\
\xef\xd7j\xc3\xeb\x9aj\x89\xae]\xbe=\xceV\x09n\
\xf7w\xc7\xe4\xd5\x8d|\x07\x86\xa6.\xb7\x8e:\x13\x16\
>\xbbu\xfc\xb9N\xcf\x956\x9e\xd4\xb8\xa9\x19S\xb3\
v\x97:\x8eQ\xcac\xfd\x9d.\xd9\xf6\xce\xbb\xe8\xb5\
.\xf6d\xddsA\x972\x94=\xa3\x1c\xe2l\xfa\xd5\
\xb8Qx\xef\xf4\xd0\x1f\xe7\x8e\x0f\x0e\xba\x95\xa1\xec\xe3\
<\xc2\xf6x\xd7\xeb\x0f\x92?:-\xd9c{\xads\
\xc8\xab\xd0]Z\x1a\xb7\x8b|\xcc\xcf\x8d\xb20\x0e\x9f\
k0\xbf^\xdd\xb9Uw\xf7\x0c\xee\xffz\xd6\xa6\xf1\
\xc6qV\xbf_\xb7\xb2\xbd\xf3\xcchq\xf0+\xbf\xf8\
\xe3\x83\xbc\xd6n\xf5Q\xfb8F)\xd2,\xa3\xea\xba\
\xcd\x9f\xc3\xac\xdd\xd4b\xac=w\x1a\xf7\x0cz\xd0 \
\xc87\xd6\xe0^R\x9e\xf2\x83wE\x7fe%lZ\
}\xfcH\xbf+\x96w\x96L\xfa\x9eb\xdc\xe7e\xe8\
D\xfb\x0f[r\xef/\xf96-\xf8\xe6\xac\xe3#s\
\x9a\x8e\xfeba\xac\xa1?'\xda\xff\xc1\xba\x0cV\xa0\
\xc6\xaeN\xc7\x1a\x85\x8e\xbeh\x9fsVmY\x97\xbc\
\xb6\x97\xd4\xea\xba\xb6\xa3:}G\xb2\xc6\x88D\xdd\x91\
O\xd5\x02_\xc4x\x1dX\xb42\xd5\xa1\xf0L\xea\xd8\
$\xa5\x16&\xa3Ur\xd7w\xaf\x16\x93\xf5\xb4\xcd\xb1\
\xa9\xcf#\xe6\xeb}h\xf0&|@\xc0\xd3{\x91]\
\xb6\xb8\x1ekl\xf9r\xaf]\x93\x80\xbcM\xb1/f\
\x8f7;>\xae\xe6\x9b!\x0b>$O\xba\xd7pX\
7+W\xf3\xdan\x8d\x87\x0f\x19\xde\x7f\xc2\xa1\xf6\x83\
\x0a2rgn\x0d\xef\xdf\xda\xe4\xbeW\xd4\xf5\x9cD\
\xe7\xe0\x07A.\xf1_\xa6\xb4\x1a\xb7\xfa\xd8\xce\xf5\x01\
O\x8f\x0c+Jt\x8c\x8b\x1e\xfd\xe5\xeeJ\xff\x1a\xb9\
\x9f\xbbE\xf8\xdb\xfb\xd5\xf5\xd3\x0f\xd8\x96>fm\xa7\
\xa1\x0fv\xcftX\xdb\xe2\xed\xd9\x9a5b'\xa9\xed\
*Z9e\xca\xbd\x9a\x1f\x02\xfbm\xa1\x98\xad\xef\xe0\
\x9bk\xae\xd5\xd8\xe3\xdb\xbd\xd0\x224\xa2\xdd\xe8\xf8\xd4\
m\xc9_\xc6\xc5M4\xf2\xf2\xbd\xfd\xf3S\xfb\xf0!\
G'\xd6\xf2i6t_\xd2+\x87\xfd\x0b\xf2BM\
\x0f\x15\xb2T\x07}\x8f]Q+L\xa704ft\
\xda\xcb\xe9MW,\xcfX6V\xaf 4\xa7\x8dm\
\xab\x0e\x09.\x85>\xd72\xbd\xa66\x8f\xe9\xe1c\x18\
\xfdybx\xa8\xf3\xf1\xc9c.\xee\xd8\xe9\xbeq\xc7\
\xfa\x84i\x0f\xf3\xa8\xe76l\xe4|\xdb\xe9\xea\x81\xeb\
\x13C\xaat>\xdfg\xbd~\x8b\xdf\x93\xec'\xbfb\
]\xd3l\xb3\xfbg\xfe\xc5\xbf\x12\x96\xd7h\x17\xd0C\
'\xd6{\x92\xf7\x97\xa8\xe6m7\xd7\xf8fuSU\
w\xf3\x1b\x1b\xad\x8d\xe3\x8d-\x82Z\xe5\xce\xc83\xb8\
qt\xc5\x17\xd3q\x1dV\xec\x09\x1f\x5c\xf4$z\xf7\
\x84w\xd6\x19K.\x84\x1d\x9f\x99\xf7\xf5\xc6<\x96\xa3\
\xe7\xeb\x8d\xce\xcd7\xef~\x98\xdcn\xf2\xf2#\x19\xca\
\x0e\xeb7\xf6I\xb9\xb7!0\xf2\xfd\xdaD\x83\xa5O\
\xd5b.%\xde\xca|7`\xf4\xa4\xbf\x92LU\xab\
\xfe\xbc\xd4\xf5\xdci\xa5\x84*{G\xbd\xd3\x8a\xdd\xbb\
\xc8\x06%\xed\x9f\xf8.cG\xcc\x86\xbf\xbf\xfb\xfb\xea\
-\xb80\xe9\xf0\xab\xc0\xef\x01\xf6\xdf\x9f\x1fT)\x98\
\xeb\xd1\xe5\x8d\xf6\xf3\x1b\xd9\x8e\xf6\x93\xed\xaa\xea\xf5\xdb\
i|f\xadR\x90i{\xfd]\xc3\x83'R<4\
#\xc2|p\xd7$\x95>\xc3\xeb9\x1a-\x9e\x1a\xe2\
kwd\xfa\x83\xcfj\x9d&d\xd6\xf16\xba]\x5c\
s\xef\xc9\x7f\xff\xed\xdf\xba\xda\xd7\xcd\x05\xc9\x7fEP\
BV\xb5\xe7\x0e?;L\x9a\x9fq=(w\x05\xcb\
\xe9t_\xaf\x1e7\xaby\x85\xdc\xd4w\xaa{5\xe6\
]\xad\xce\xd3\xeb[\xb7;s\xefa\xad\xa6\xa1\xa3G\
/}\xe9\x96d\xdb3\xac\xaf\xf2A%\xdd\xa1\xaf\x8f\
/^0\xcf\xb1\xef\xbaK\xf7\xdfg\xf9\x0d\x8dl>\
x\x7f\x81\xd9{\x8f\xcc3\x87\x1dG\xff;\xc8m\xdb\
_Q\x0b\xfeZ3\xccY\x7fdm\xc7\xb3\xb6Mt\
\xae\xe9\x19\x9bW\x09\x09)j\xe2\x93\x9f\xa5;\xfd\xcb\
\x10\x8b\xbb:\xdfB\xd0\xd4\x1f\x0e\x9d\x0fE\xe7\xdd\xd9\
\x17\xdbOww\xb6\xc1\xfd\x13\x93RF\xad\xd5\xe8F\
\xed\xf1\xad\x8b\xaa\xdexs\xe9\xc8\x87;\xb9\x01\xba1\
\xa7\x95\x9c\xaa\xdb\x8e2\xdf\xea:\xdcg_\xfc\xad\xea\
\xf6\x06i\x85Y\x1f_\x8e\xd0\x1a\xb9V\xd3\xc9p\xf3\
\xad\x96\xf1\xcew\xc3\xdf)\xf7^1\x0c\xd9M\xc8\xab\
\xea\xb9\xde/\xf2C\xaf\x10=\xbf\xd1az\xf6G\xde\
\xed\xeb2x\x9e\xcb\x9cZn\x85G\xdb\xfa\xd4\xef\x1b\
\x9ds\xc2\xd7\xae\xca\xc3\x83k\xcf\x07\x0e\x1a\x1f\xb6\xea\
u\xff\x95\xd5\xcf_\x0f\x0f_\x19h\xce:?\xc8j\
H\xed\xb0\x1aa\xdb\xa6\xdd:\xa4U\xdc\xd4\xf2\xd9\x82\
\xf5?\x8eM\xf7\xd2x{\xe9\xb2\xaf\x9d\x8f\xd7\xf9\x9d\
\xf7\x93?N\xdef\xbd\xb2\x97\xe6^\xd5s7\x91\xdd\
\xc5\x1d\x93\x97{\xd7\xce\xa89Y\xc5\xcd\xf5~\x98\xfb\
\xbd\xae\xbeY\x09NF\xfb\xe6\xad\xff\xa7\xa9\xf9X\xff\
\xe0\x9f.-\x16o\xfe0\xea\xc8\xeb\xeb\xb1\x17>D\
lt\xbc\xbd\xfaX\xec\xaei\xef\xa6\x98\xfd\xbb\xc7z\
\x8aE\xcc\xdbEQ\x03V\xa4.\xd3\xeb1\xd4i\xc4\
1\x9f\xa3\xc3\xce\x18\x04*\xd9\xba\x1c\xb7\x1e\xb7\xb0\xf3\
d\xab\x06\xeb\x03.\xd5\xb6\xd8h\xd0d@\xedN\xea\
\x13#\xaf\x7fO\xffg\xb4\xf5\x81\xd5\xde\xaa\xa7\xeaL\
\x1e\xaf\xe4\x1bv1\xac\xea\xe1\xa3\x11\x87\xbf\xbf\x0f\x1a\
\xa7\xd5\xe8\xd5SV\xaf\x0bS_\x0c\x9b7;|y\
p\x8f\x0f\x81zk\xcfe>\xfc\x16[{\xbcnP\
\xa3\x9b;\x8e\xbf\x8f=6s\xd5\xf3\xd1*[\x8bj\
L\x1d\xddwF\xe0\xda[\xe9\xac\xa8\x98\xa3\xcd\xd3\xb7\
\xbf\xea\xfb\xf9\xc46\xe4\xd4\xcc\xe0\xbe\xfd\xb7\xe0\x9f\xa3\
\xd6\x0es\x9aX}\xfd\xb7mM\x8e\x16zi\x8d\x8a\
\xbc\x9e\xf2u\xd7h\xeb\xe8\xba\x9b\x83\x17\xbbS\xa7\x1c\
c\xad\xect\xd2\xebA\xd0\xa4\xefqAO\xf23W\
(?\x88\x1dye\xf2\xc6\x9f/[Sw\x5c\x1a\xb7\
n\xf8\x87(\x97\xfe\x0d\xab\x8f\xfc\xb1\xb0[wj\xe7\
<\x9d]\xcf2\xfa\xea\xc7u\xb1\xc6U\x8f\xedOX\
\x1a\xe5\xe2\xd7/l[\xc4\xd1\xe2\xf8\xc1\x81\xdbB\xab\
m\x094\xf4\xd9\x93w\xc6\xd7\xae\xf6\xf7uOzn\
\xcf\x88t[w\xef\xe1\x91=\xbf\x1c&\xe4}\xf5?\
\xe1\xb6>\x22N)\xeb\xaf\xd6\xaco\xeb\xb7u\xbc\xd8\
\xaa\xdf\xee\x9b\xab\xb3\xf2W\xda\xd4\xed\xb1\xad\xf7\x1c\xef\
_o\x0f,\xfd_\x00* \xd5\xdf\xad\x86\x8f\x83\x0b\
(\xf6\xc4\x06l\xce]G|\xa4]\xb6(\x96e\x7f\
q\x19\x99\x19m\xa98\x92o\xf4\xd2e\x88\x16\xe2o\
\xd6tAm\x1e\xc00\x0cV~\x80V'\x0d\xa6u\
\xb2R\xfe\x13\x11a\xd3xi~\xf0O\x15\x9a>\xfb\
E\xa5\xfc\xb5\x90\x1c\x15\xc1\xe0\xf1\xa6\xa4\x83G\x00#\
9Af\xe0\x89~\xbb\x92\x80\xa1fH5c\xfa\xf4\
\x90/\xf75\x82\x01\x99id\x9djZ\xe1\xa5\xe9$\
d\xe4p\xd1\xe0>\xb2\xc5\x08\x0a\xee\xbev2\x9a9\
Ea\xfd\x81\xb4\x9a\xbey\x22\x03\xd0\x190|\xf4n\
t\xd3\x96\x9c\x94\xd1\xc2\x8c\x07\x0d9t\x0d^\x9e\xf5\
8\x9a\xb9\x83&\xcc\xc1fc\xd1\xa2ED(K\xef\
\x15\xad\x93\xe3i\xda\xcd\x94\xd2\xf0\xe6\x88<\x9ej9\
\x91\x01\x18\x8ch4`(\x93n\x9a\x16v\x15\x7f\xfe\
\x90\x96\x18\xc3\xd9\xd7M\x93-\x86\xcft<\xed\x1cz\
\xb52mPT\xc8\xa1kp\xd7]\xa64\x10\xb5!\
<\xf9j\xb7\x015\x1d\x02&\x22\x12\x09z\x1a\xfa\x90\
\xce(\xd6m\xda\xaaN\xff}$\xbf\xd4EzvG\
\xca\xf7\x9b\x12*2\x1c\xcd\x19\xc3\xaa\x0d\x1bC\xa6\x9d\
{\xa0(,\xaf\xa0ef;\x5c\x07\xf7\x1a\xbd\xf4V\
\xc4\x07\xfa\x8e\xe3\xbfQ\x93\x07\x90\x8d\xa8\xfd7\x94\xd6\
}\x06\xd1P)\xbf\xcf\xd4\x8b\xb43\xe3\xb9\x97d\x8b\
\xe15\x17\xddv\xafR\xfe:\x10\xe3\xb01\xf4\x82K\
\xcdX:\x8d\x1aR\xf9k2\x00\xfd\x11\x05@\x862\
\xed\x96[\xc2\xb6\xe4\xd7_\xce\x1f\xd0\x9d\xe4lS\xca\
1\x0c%\x22\xa5)wMTs\x0f\xea\xca\xd4\xcb.\
A3>\xf2c\xa7\x86\xa6\xa1\xd5\xdd)\x0a\xe8g\xb4\
\x04\xb6zI\x0c\xc86m\x86H\xc8\xe3\xd05^\x9e\
?\x0fl\xd6\x0e\xa9=6g\x1e\xb1\x8e\xd0\x98\xee#\
\x83\x8c\xd4$b\x9a\xb51c\xe9^@\xca\xf1_\xac\
\xce\x00\xa4\x01\x1d\x8c\xbe{\x8f\xd3\xc7\x84\xcc\xd8'Y\
tk\x91J\xb7\xd1\x17\xc8\x16\xa3F\x1at\xea\xc3\xd8\
\xde\x9dd\x8b\x11\xd48t\x8d\xf3\xae\x98b\xc6\xd2\xad\
\xa9\xa6\x9fGu\x06\xa03&4\xfd\xbcq\xf2\xe5f\
<TX\xa1\x01\xf3\x1e\xbe\x0f-\xda\x82i\xb5v\x07\
\xaf\xce\x9f\x8b]\x85\xfd\xfcf\xc2\xe8\x91h\xc6{z\
qT\xd3/\xb0:\x03\xd0\x17\x1fz\x8ay\x83\xad^\
\x12\xddZ\xab!\x18F\xd0(\xce\xc9\xa5\xb7\xdf/[\
\x8c\x7f\xd0\xfb\x9cK\xc8i\x9a\xe2\xffB\x0aZ$\xc5\
\x11\xd3\xb4\x95\x19K\xf7Ad\x07\xfe\xc5\xf1\x06 \x01\
\xe8f\xf4];\x0c\x1a\xae\xf6\x85\x06r\xfb\xc5\xe7\x10\
\x99\x9a\xe6\xffB\x06\xa1\xc7&0\xe7\xfe\xd0\x9e\xee\x13\
H\x1c\xba\xc6\xa8\xf1\x86\xb7\xdf\x00\xb1\xb5O=\xfa\x0b\
\xc7\x1b\x80\x16\x88\xfa\x7fC\xb9r\xe2D3\x1e&l\
\x89q\xd8x\xea\xa5\x05\xb2\xc5\xf8\x8b\xab\xef{Tu\
u2\x98\x89g\xff\xcb\x8c\xf6pM8.\xbc\x7f\xbc\
\x01\xe8\x88H\x022\x0c\xdd\x19\xcd\x80\x8e\x19F?H\
\xd8sF\xb7\xf64\xe9q\xb2l1\x88j\xda\x8a\x9b\
\xce5m\xd8E\xd8\xd265\x19GR\x03\xa3\x97u\
\x02]\x8f\xfe\xc2\xf1\x06\xa0+\x067\xfeLj\xd3\x9e\
\xe4(\xf5\xe9`4v]\xe3\x95\xb9/\x80]b\x83\
MM\xe3\xb9\xf9/\x87\xd5t\x9f@\x11e\xd7\xc9\x19\
8\xdc\x8c\xa5\xbb \xf2\x02\x80c\x95=\x06\xe1\x01\x18\
\xca\xbf\xce\x1b\xaf*\xffL\x22\xbf\xa8\xd8\xac\x0a2\xef\
\xd0m\x14\x97\x94\xe0\x91\xfd\x22B\x94\x8b.0%\xa1\
*\x0bH\xae\xfa\x9f\xa3\x0d@C\xc0\xf0\xa3\xc7\xb3\x87\
\xab.\xb0FS\xecr3\xf1\x81Y\x8c\xec\xd3\x0dO\
I\xa1<A*\x5cL:}0\xa7M\xbe\x99\xc3\xa5\
.\xd9\xaf%\xe4\xe8\xd71\xcb\x0c\x03\xdf\x04q\xd6\x07\
\x1ck\x00Z\x03\x86n:l\xb1\xf1d4R\xa1!\
#\xd9\xbc/\x9f\xcc\xde\x03\xf8\xef\x83\xd3\xa0\xdc\x02\x9d\
\x83+\x5c,}\xe592;u\xe5\xc7\xed\x7f\xc8\x96\
&\xa4H\x8d\x8b\xc2\xd9\xc0\xf0\xd9\x01\xf58*!\xe8\
h\x03\x90\x858$0\x8c\xfam\xda\x13\xab\xb2\xff\x0c\
\xe3\xad\xe5\xeb\xe9\xd5\xa9\x83%\xdb\x84\x95\xfe\xf9+\xc3\
{w\xe1\xc9\xf7\xbeR[\x02\x83p\xe8\x1a\x9d\x06\x18\
\xde\x90[C\x14\xfb\x01\xc7\x1a\x00\xc3G\xb5\x0e\x1ay\
\x86\x8a\x0d\x1b\x80\x07x\xe8\xcd\x8f\x99p\xda@<E\
\x05\xb2\xc5\xa9\x99\xb2R\xee\xb8x,\x93\x1e\x98E\x85\
\xb2\x02\x860f\xb4)\x1d\xa1\xb2\xa8L\x08\xaa2\x00\
\xd1\x80\xe1\x95:\xa3\x87\xa9\xfd\xbf\xbfx\x80is\xde\
\xe4\xfe\xcb/\x00W\xb9lqj\xc7\xed\xe6\xbf\x0fN\
\xe3\xfc\xdb\xeeWF\xc0\x00\xfat\xc82\xa3:\xb0\x05\
\x22\xe9\xef\xafp@\x22b\xfa\xafah\x8e\x08\xda5\
o\xe4\xffBa\xceco}\xc6\xd37]\x0en\xb7\
\x7f\x0b\xe96\xecq\x89$\xb6hM\xcb\xccl\xd2Z\
\xb6&>A4f-\xc8\xcf\xe7\x97\x9d;\xd9\x9e\xb7\
\x8e}\xdb6\xe1\xca?\x00\x15\xfe\x1d\xea}:\xfb!\
&F\xc7\xf0\xe2\xadS\x94\x17\xe8\x07M\x13c\xd1c\
\x13\xa8\xc8?`\xe4\xb2\x0d\x11\x19\x81{\xaa\x0c@#\
\xc0\xd0y\xc5\x91I\x0dHR\xf1\x7f\xbfxky.\
\xd3/\xbb\xa0\xee\xca\xaf\xdb\x88MK\xe7\xc2\xc9\xd7r\
\xde\x88\xc1\xb4\xa8\x1f\x8f\xd3\xa6\xd7\x18\x96\xf5\x00%.\
7\xbf\x1f.\xe4\x9d\xc5Ky\xfa\x91\x878\xb0iu\
\x9d=\x8f\xb7\x1f\xbd\x8b\xac\x8c\xb6\xdc8f\x98\xecW\
\x19\xb4D\xd9m$\xb7Lg\xcf\xea\x1f\x8d\x5c6\x1e\
\xd1+pM\x95o\xd1\x1c1\x04\xc40\x9a\xb5\xef\xa4\
z\xff\xf9\xc1\xe6}\xf9\x5cz\xe6\x88\xba)\x9f\xddA\
\xdb!\xff\xe2\x93\x9f\xd7\xb2u\xf9\xf7L\xbfd,\xed\
R\x13\x89\xb6\xeb'\xcc\xc9\xd0\x10\x09(\xad\x93\xe3\xb8\
\xee\xcc!l\xfc\xf6S\xbe[\x93G\xafq\x93 \xa2\
\x0e\xc6\xdc\xe3\xe1\xfe\xc9\x17\xb1x\x93)\xb3\xef\xc2\x02\
]\x83\xae'\x9dl\xf4\xb2\x0e\xa0%\xfc}\x06\xd0\x82\
\xa3\xb2\x83\x8c\xa0{\x1f\xc3{\x8a\x84\x0d\xc5.7\x83\
\x87\x9f\x86\xa7\xc8\xf7A\x11\x09\x19\x9d\xf8d\xd9j\x96\
\xbc6\x87\xeei\xa98\xfc\xc8\xc2\xb2i\xd0.5\x91\
\x0fg=\xc0\x925y4\xef;\xd8\xf7\xfc\xf4\xf22\
\xc6\x9ev*\xfb\x8a\xca\x02\xfd\x1aC\x86S\x07\x9el\
\xc6\xb2\xc7\x18\x00\xc3K\xcbN\xeech?\xd1\xb0b\
\xca\xc3\xcf\xf8\x1e\xeasD2\xf1\x81Y\xe4}\xf7\x05\
\xdd[\xa4\x1a\xbe\xef\xceh\x10\xcf\xcf\xef\xbe\xce\xbd\x0b\
\xdfF\x8b\xf2\xcdY,\xdf\xff'c\xae\xbc\x0e\xb7:\
\x14\xac\x13\x9d\xdb\xb66c\xd94\xc0\xa1#\xdc\x01c\
\x0f\x005\x8d\xf6-U\xfd\x7f]X\xfd\xdb>\xfe\xfb\
\x98o\xed\xa1\xf5\xd8\x04\xde\xf8\xea\x07fL\x1ag\xea\
\xb6\xcb\xa6\xc1\x15\xc3\xfb\xf1\xf5\xf2\x95D\xa4\xf8\x96\xa0\
\xb2\xe6\xbdW\xf8h\xf5F\xd3d\x0be\x1a%\xc6\xa1\
;\x0do\xa6\xdb\x08\x88\xd1\x11!\xc0T?\x17;\x06\
-2\x8a\x86\xf5\x0c=R\x08\x0b*<0\xee\xa2\x09\
P\xee\xbd\xbb\xecHn\xc8\xe2e?3\xa8]\xe0F\
owh\x9c\xcc\xca\x9f\x96\x13\x93\xe6C\x95\xa7\xc7\xc3\
\xc4\x0b\xce\xa3\xd8\xe5g4#\x0c\xa9\x17\x19\x81-6\
\xc1\xe8e\xeb\x03\xf1:\xe2D0\xd9\xcf\xc5\x8e\xc1\x11\
\x97@l\x84\xb5\x9bWZ\x91\xcf\xd7ma\xf7\xcf\xdf\
y}\xbd\x1e\x9b\xc0\x17\x8b\xbf\xa7]\xaa\xa1\x15\xdc^\
\xd1(\xce\xc9\xb2\xc5_\x11\x91\xd2\xd4\xeb\x9f)\xf9}\
;\xb3\xdf\xfb\x22\xe0\xb2\x06;\x0e]#\xbe\x91\xe1\x1e\
u<P_G\xe4\x00\x18\xda\x02<\xbeq3\xd5\x1b\
\xceG\x5cn\x0f\x93\xaf\xb8\x12\xbcM\xa4uD\xf0\xda\
\xc7_\x90\xdd(I\x9a\xcc\x8d\xe2\x9c|\xf9\xcd7>\
\xf5(|\xf0\xe6\xeb\x94\x17\xe0#\xba\x06\xad\xda\x19\xde\
\xa77\x1aH\xd1\x11\x9f\xfe\x86Nqh\xde6K\x95\
\x00\xfb\xc8\xcf;ws`\xc3\x0a\xaf\xaf\x9fp\xd7#\
\x01u\xfbk\xa2]j\x22\x8f,x\xc3\xeb\xe8@\xd9\
\xde\xdf\xf8\xdf\x92U\xb2\xc5\x0e:\xb2\xda\x19\x9e\xa9\x1f\
\x094\xd4\x11\xbd\xc2\x0d\xcd\xd8i\x93\xae:\x00\xf9\xca\
\xad\xf7\xce\x00\x8fw\x9f\x8c\x09\x19\x9d\xb8w\xe2y\xb2\
E\xfe\x8b\x0bO\xeeA\xfb\xe1c\xbc\xbe\xfe\xce[\xff\
\xa3\xd2\x84}$;\xd3p\x9d\xb2Si\x00\xeacp\
\x0e@v\x962\x00\xbep\xb0\xa4\x9c\x95\x1f\xbf\xe5\xdd\
\xc56;\xaf\xbd\xf2\x8a\xa5\x92\xac\xc4\x14\xe3\xc7\xd0\x9c\
\xde\xcd\x92\xdd\x9f\xb7\x8a\x1d\x07,\x5c\xd4dAZ7\
3|\xd0\xaa\xc6Q[\x00Ckv\x9b724\xa8\
\x10\xf2|\xba\x22\xd7\xeb*\xbf\x8cA\xa7\xd3\xad\x85\xe1\
c\x1b\xfc\xa6Y|4\xa7_q\xbdw\x17\xbb\xca\x99\
\xfb\xce\xc7\xb2E\x0e*\x1a$\xc4cBQE}\x1d\
0\xfc\x14)59!\x00\xaf$tx~\xce\x5c\xef\
.\xd4t\x9ex\xe0>\xcb\x16\xd7L\x9f\xe2}\xca\xf0\
k/\xbd\xa0\x12\x83| !\xc6i\xc6\xb0\x90$\x9d\
\xca\xb2@\xa3\xd0t\x9d\xf8\x98\xa8@\xbd\x97\xa0\xa7\xb4\
\xc2\xcd\xda\xc5\x9fyuml\x8b\x0c:57\xbcS\
\xaca4\x89\x8f\xa6\xcdI\xde5\xb08\xb0e=\x07\
KTz\xb0\xb78\xedv3\xda\x83\xc5\xeb\x18=\x05\
X\xb7\x11\x13)\xb1Sm\x90\xb1;\xbf\x98r/\xe7\
\xc1_8\xf9\x1a\xbfr\xfb\xcdF\x03\xae\xbf\xce\xbbm\
\x80\xa7\xa4\x88\x8d\xbf{\xf7\xdc\x0a\x88\xb0\xebhv\xc3\
\xabk\xe3tD7`\xc3\xd0\xecv\x9cv\x95\x04\xe4\
-k\xb6\xff\xea]\xed\xbd\xa6s\xde\x08\xeb7X\x19\
\xd8)\x13\xcd\xe9\x9d\x07\xf8\xe52\xef\xc3\x9e\xe1\x8eC\
\xd7\xb0E\x1an\x00\xa2\xabR\x81\x0dC\xd3m8,\
tBmu\x16/\xfb\xd9\xab\xeb\xec\xf5\x92hQ?\
^\xb6\xb8\xb5\x92\xe8\x8c \xa6\x91w\xb5e?|\xf7\
\xbdlq\x83\x06]\xd3\xd0\x1d\x86\x1b\x00\xa7\x8e\xc19\
\x00\x1e\x9b\x03\xdd\xf8\x91F!\xcb\xda\xd5\xab\xbc\xba.\
\xb1Ek\x9c6\xeb\x0f\xe0\xb0\xeb\x1a\x99\xddz{u\
\xed\xb6\x0d\xebT\x03Q/\xd1\x00[\xa4\xe1\x05A\x91\
U\xd5\x80\x86\xa1\xdb\xec\xca\x00x\x89\x07\xd8\xbdk\xa7\
W\xd7\xb6n\x97\x134\xd9\x95\x9d\xbbv\xf5\xea\xba\x82\
}\xbbq\xa9P\x80Wh\x9a\x86\xa6\x1b\xdea\xdb\xa1\
cp\x12\x90n\xb7aS\x06\xc0+<\x1e8\xb8g\
\x8fW\xd76Kk![\x5c\xafIo\xe9]\x8ar\
Ya\x81\x0a\x05z\x89\x06D8\x0d\xdf\x02\xe8v\x0c\
\x9e\x05\x88\xa6S\xe6v\xe3\xb0\xa9y\x00\xb5Q\xeev\
\xe3.+\xf1\xea\xda\xa4\xa4\xc0W\xfc\xd5\x95\xf88/\
K\xc1]\x15\x14\x95\xbb\x88\xb0I\x1cof\x01<\xb5\
\x18AM\x83r\xb7\xc7\xff\xc6\xb0\xffD7\xfc\xb8\xbe\
\xec\xe0^:\x0e\x18JdL\x0c\xee\x0aU\xf5U\x13\
\xbaM\xa7\xac\xb8\x98\xc2\xdfwx\xf9\x13\xa1\xe7UU\
\x14\x1e\xa6\xd3\x80!D\xd7\x8b\x0f\xe3\xdf\x15\x0f\x15.\
\x17'\xae\x02\xd5\xa8(/\xe3\xf06\xe3\x1b\xaa\xd8\x01\
c\xdf\xbc\xab\x9cCy*\xbcc4\x87\x0e\x1d\x94-\
\x82\xd7\x1c.8\xe2\xdd\x85\xee\x0a\x0a6\xafAU\x05\
H\xc3\xa3\x03\x15\xb2\xa5P\xd4\xce/;\xbd;,\xb4\
\x02;~\xdd%[\x04\x85wT\xe8@\x10\x8c\x9bQ\
l\xcf\x0b\x9e\x90\xd9\xca\x95\xca\x03\x0c\x12\x5c:`\x81\
\x11\xb3\x8a\xda\xd8\xb7m#%A\xd0I\xa7\xc2\x03\xeb\
\x97\xfd [\x0c\x85w\x94\xea@\xb1l)\x14\xb5\xe3\
\xca?\xc0\xaf\x07\xad\xbf[>\x5cRN\xc1\xaem\xb2\
\xc5PxG\x89\x0exyb\xa3\x90JE\x05\xef|\
\xb3D\xb6\x14\xb5\xb2d\xe3v<\xc5\x85\xb2\xc5Px\
G\x91\x0e\xea\x106Xx\xf6\xf1G-\xdfJ\xeb\xa1\
\xc7\x9f\x90-\x82\xc2{\x8e\xe8\xc0!\xd9R(\xbc\xe3\
\xc0\xc6Ul\xfc\xd3\xba\xe1\xc0=\x85\xa5\xac\xfd\xec]\
\xd9b(\xbc\xe7\xb0\x0eX\xf77Jq,\x15.n\
\xb8g\x86e\xa3\x01\x0f-x\x03O\xb1\xdaQ\x06\x11\
\x07u`\x1fF'\x03)Lc\xe9\x9b\xf3\xd8\xb4\xe7\
\xb0l1\xfe\xc1\xde\xa2R\xe6\xde\x7f\xbbl1\x14\xbe\
\xb1\xaf\xca\x00x\xd1\x91Ba\x09\xcaK\x19{\xd1\xa5\
\x96\xaa\xa2\xf3\x00\x97\xde:\x1dw\xc1!\xd9\xa2(\xbc\
\xc7\x03\xec\xad2\x00*\x17 \x88\xd8\xb5\xf4\x0b\x9e\xfd\
h\xb1l1\xfe\xe2\xf3u\xdb\xf8v\xe1\xb3\xb2\xc5P\
\xf8F\x05\xf0g\x95\x01(\x92-\x8d\xc27n\x9fx\
>\xab\x7f\xdb'[\x0c\xfe((\xe1\xfcQ\xc3\xbdk\
k\xa6\xb0\x12\xa5T\x1a\x80\x83\xa8P`\xd0\xe1))\
b\xe8\xc0S\xd8uX\x9e\xed>\x5c\xea\xa2\xf7\xe0\xa1\
\xb8\x0e\xa9\xe6\x9eAH\x11\xb0G\x07\x0e\x03\xfbeK\
\xa3\xf0\x9d\xb2\xbd\xbf\xd1\xb3_\x7f)F\xe0p\xa9\x8b\
\x1e\xc3F\x91\xbfy\xad\xec\xd7\xa0\xa8\x1b\xf9\xc0~\x1d\
(\x04\xfe\x94-\x8d\xa2n\x14\xef\xdaF\xb7\x1e=\xc9\
\xdd\x1d\xb8h\xee\x1f\x05%t<i {W/\x95\
\xfd\xf8\x8a\xba\xb3\x9f\xca0`\x19\xa0\xea7\x83\x98\xb2\
\xbd\xbf\xd1\xafk\x0es\xbeXjj\x8b-\x0f\xf0\xc9\
\xda-\xe4\xe4\xe4P\xb0u\x9d\xec\xc7V\xf8\xc7\x1f@\
aU;\xb0\xe0)6WT\x8b\xa7\xf8\x087\x9c3\
\x92>\xe7^\xc2\xce\x83\xc6\xe7\xe2\xef-*e\xe4\xd5\
\xb70n`\x1f\xb5\xe7\x0f\x0d~\x01\xca\xaa\x0c\xc0\x0e\
Tc\x90\xe0\xc7\xedf\xd3go\xd3\xa5}\x06\x17\xdc\
\xf10;\x0f\x16\xfa\x9d5\xb8\xa7\xb0\x94\xeb\x9f\x9eO\
Vf\x16K\x16=\xa3N\xfbC\x87\xed\x00Zbb\
\x22@O\xe0S\x8c\x1e\x13\xa6\x90KD$\xad\xfa\x0c\
\xe2\xfa\xeb\xafgP\xa7v$EE`\xaf\xa5\xb7x\
\x85G\x94\xf4.\xd9\xb8\x9d\x87\x1e\x7f\x82\xb5\x9f\xbd\xa3\
\xaa\xfbB\x0f\x170\x16x\xbb\xca\x004\x07\xbe\x06\xbc\
\xeb\xe7\xac\x08>\x22\x22\x89i\xd4\x82\x8c\xae=\xe9\xda\
\xa3\x07\xe9-[\x12\x17\x13\x8d\xae\xeb\x14\x14\x16\xb2m\
\xe7\xaf\xac\xf8\xf9g\xd6/\xfb\x81#\xbfm\xc7S\xa2\
\x94>\x849\x08\x0c\x02VV\x19\x80\x18\xe0#\xa0\x9f\
l\xc9\x14\x0a\x85\xe9\xe4\x01\xa7\x00\xbb\xab\xce\x00\x8a\x80\
-\xb2\xa5R(\x14\x01a'\x95U\xc0U\x06\xc0\x03\
\xe4\xca\x96J\xa1P\x04\x84<*\xeb\x7f\x8e\x9e\x0a\x94\
\x8b*\x0aR(\xc2\x81\xf5U\x7f9\xda\x00lA\xa5\
\x04+\x14\xa1N\x01Gy\xfbG\x1b\x80?\xa8\x8c\x0d\
*\x82\x03\xcd\x19\x83#9\x15Yc\xc3\xec\x09)\xe8\
\xb1\x09\xb2_\x83\xc27\xfe@\xe4\xfd\x00\xc7\x1a\x80\x02\
@Uv\x04\x11w?\xbf\x90\x1d\x1b\xd6q\xcf\x82\xff\
\x11\xd9\xb0Y\xc0\xeekKH\xe1\xca\x87\x9fek^\
.\x8b>\xf8\x14tc\xe7\xcb*Le#\xf0W*\
\xe7\xf1\xffr?\x83e[\xce)\x8e\xa2^zG&\
\x0e\xefO\x94]g\xf2i\x03\xd8\xb6v%\xb3\xde\xfb\
\x82\xe4\xec\xee`7a\xda\xaen#\xb6e\x16\xf7,\
x\x8b\xad\x1b\xd63\xfd\x92\xb1\xc4E\xd8\x18\x92\xdd\x86\
\x8c\xc1g\xc8~\x1d\x0a\xefY\x81\xa8\xff\x01\xfe\xce\x04\
\xac\xa2;\xf0\x09\x10<\xb3\xa8\xc3\x11\xdd\xc6\xdb?\xac\
\xa0\x7f\xdb\x7f~\xeaWx`\xc7\x81\x02\xe6\xbe\xf3\x09\
\xaf\xbd\xf4<\x07\xb6\xe4\xd69\xa9GsF\x11\xdb\xa4\
\x15#\xc7]\xc8\xe4\xf3\xc6\x90\xde \x01G5\x99\x84\
\xdb\x0e\x14\xd0=;\x13O\x89\x9a1cq\xca\x801\
\xc0{U_8\xde\x00$#R\x82\xbb\xc8\x96TQ\
3\xd9#\xcf\xe1\x9b\xf9\xb3k\xdd\xf9\xbb=p\xa8\xa4\
\x9c\xbc\xdf\xf7\xf0\xcdO\xab\xf8v\xf1\xb7l\xdb\xb0\x8e\
\x82}\xbb)+,@\xab,\x1d\xf4h\x1a\x8e\xe8\x18\
b\x92RHk\x9bE\xaf>}\x19\xdc\xa7\x07\xed\x9b\
\xa7\x92\x14\x15\x89\xcd\x8b#\x86\x89\x0f\xcc\xe2\xbf\x0fN\
\x93\xfdj\x14'f'0\x10\xf8kt\xd3\xf1\x06@\
\x03\x9e\x03.\x95-\xa9\xa2z4g\x0c+\xd6\xe7\x91\
\x96\x18S\xa7\x9f\xf7\x00.\xb7\x87\x0a\x8f\x07O\xe5f\
O\xd3\xc0\xa6i\xd84\x0d\xbd\x8e\xe7\x89\x87K]\xb4\
\xcd\xee@\xf9~\xd5Z\xc2\xc2|\x08\x8c\xe6\xa8p\xff\
\xf1g\x00\x1e\xe0{T\x9bp\xcb2\xfe?w\xd7Y\
\xf9AXx\x87\xae\xe1\xb4\xe9D\xd9\xc5\x1f\xa7M\xc7\
\xa1\xd7]\xf9\x01\xe2#\xed\xdc\xfb\xf4\x1c\xd9\xafGq\
b\x96p\x5c\xae\xcf\xf1\x1e\x00@\x07\xe0s\xa0\x81l\
i\x15\xc7\xe2\xa8\xdf\x88-\xeb\xd6\x10\x17a\x93-J\
\xb5\x94\xbb=d\xf6\x1b\xcc\xc1\x0d+e\x8b\xa2\xf8'\
E\xc0(\xe0\x8b\xa3\xbfX]\xfcf\x1bGe\x0a)\
\xac\xc3\xa3/.\xb0\xac\xf2\x83\xf0,^^\xb8\x10l\
v\xd9\xa2(\xfe\xc9v\xaa\xd1\xeb\xea\x0c@!`\x9d\
\xa6\xf3\x0a\x00Rrzqv\xdf\xce\xb2\xc5\xa8\x95\x1e\
-\x1b\xd1\xe5\x8c\xf3d\x8b\xa1\xf8'K\xa9\xa6\xf7g\
M\x19\x1c\x8b\x11\x86@a\x05l\x0e\x16\xbd4\xb7\xda\
\x10\x9c\xd5\xd0\x80\x97\x1e\xb9\x0f-*V\xb6(\x8a\xbf\
\xa9@\xf4\xfb\xf8G\x8eOM\x06`-\xb0I\xb6\xd4\
\x0aA\xaf\xb3/\xa6kZC\xd9bxM\xd3\xf8h\
.\x99v\x9fl1\x14\x7f\xf3\x1b\xf0cu\xdf\xa8\xee\
\x10\xb0\x8a\xc7\x80kdK\x1e\xeeh\xd1\xf5X\x9f\x97\
Gj\xacS\xb6(>QX^A\x9b\x8e])\xfd\
\xf3\x17\xd9\xa2(\xe0\x0d\xe0|\xa0\xfc\xf8o\x9c(\x89\
\xfbs\xa0D\xb6\xe4\xe1\xce\x15w?\x14t\xca\x0f\x10\
\xe3\xb0\xf1\xf8\x8b\xf3d\x8b\xa1\x10n\xffgT\xa3\xfc\
pb\x03\xf0\x13j\x1b \x15g\xe3\x16\xdcz\xe1Y\
\xb2\xc5\xa83g\xf5\xeaHjW\xd5eN2\xbf\x01\
\xdf\xd6\xf4\xcd\x13\x19\x80?\x11^\x80B\x06\x9a\xc6\xec\
y\x8b\x88\xb2\x07o\xa5\x9d]\xd7x\xe5\xa5\x17\xcd)\
NRx\xcb\x0f\xc0\xd6\x9a\xbeY\xdbo\xd7\x87\xa8h\
\x80\x14\x9a\xf6<\x85\x91]\xb2d\x8b\xe17\x1d\x9b\xd4\
\xa7\xdf\xf9\x93d\x8b\x11\xaeT\x00\xefS\x83\xfb\x0f'\
>\x04\x04H\xa8\x5c\xa0\xaf\xec'\x09+\x1c\x91|\xb7\
:\x97v\xa9\xa1Q\x94\xb9\xa7\xb0\x94vYY\xb8\x8f\
\x1c\x92-J\xb8\xb1\x09\x18\x82\x98\x02T-\xb5y\x00\
\x878\xaatP\x11\x18\x06]|U\xc8(?@\x83\
\x98H\xae\x991S\xb6\x18\xe1\xc8\xa7\xc0\xaf'\xba\xa0\
6\x0f\x00\xa0#\xa2G@\xaa\xec\xa7\x09\x07l\xf5\x92\
\xd8\x90\x9bK\xfd\xe8\x08\xd9\xa2\x18J\xb1\xcbM\x9b.\
=)\xde\xb5\xd5\xff\xc5\x14\xdep\x048\x93Z\xce\xf1\
\xbc9a\xda\x00|%\xfbi\xc2\x85\x9b\x1e\x9e\x15r\
\xca\x0f\x10e\xd7yn\xfe\x22Q{\xac\x08\x04?\x01\
\xcbj\xbb\xc8\x1b\x03P\x8eH$P9\x01&\x13\xdb\
\x22\x93)g\x9e*[\x0c\xd3\x18\x9e\xd3\x96\xb4\xbe\xa1\
\xfb|\x16\xc2\x03\xbc\x09\xe4\xd7v\xa1\xb71\xa6\xc5\xc0\
j\xd9O\x15\xd2h:s\x17.\x22\xd2\x9b\xf6;A\
\x8a\xae\xc1\xab/<\x03\x11\x91\xb2E\x09u\xb6!F\
\xfd\xd5\x8a\xb7\x06`?\xf0\xba\xec\xa7\x0ae\xda\x0e\x1e\
\xc5)Y\xa1?\x9b5\xa3A<#.\xbb^\xb6\x18\
\xa1\xce\xbb\x1c\xd5\xf6\xebDxs\x08XEk\xc4a\
`k\xd9O\x17jh\xce(\x96\xad\xcd\xa3ur\x9c\
lQ\x02\xc2\x81\xe2r2\xdbg\xe3:\xb4\xd7\xff\xc5\
\x14\xc7\xb3\x0f\x18I\x0d\xc5?\xc7\xe3K\x9a\xd9V\xe0\
\x1d\xd9O\x17\x8a\x8c\x9e\xf2\x9f\xb0Q~\x80\xa4(\x07\
\xd3f>#[\x8cP\xe5s\xc0\xeb\x96L\xbex\x00\
\x00]\x81\x0f\x80\xe0\xa9M\xb58\xf6\xc4\x146\xe7\xae\
'>2\xbc\xba\xe8\x94UxH\xef\xd5\x8f\x82\xadj\
&\xad\x81\x14\x02c\xf1r\xff\x0f\xbey\x00 \x0e\x02\
\xdf\x97\xfd\x94\xa1\xc4}\xcf\xcc\x0d;\xe5\x07\x88\xb0i\
\xcc[\xb0HM\x152\x96o\xf0\xb1\x9b\x97\xafo\xdf\
\x05\xcc\xa7r\xb6\xb8\xc2?\x122:\xf1\xefA\xbde\
\x8b!\x8d\xfe\x19i\xb4\x1f\x16\xbc\xd5\x8e\x16\xa3\x04x\
\x09\x1fkw\xeab~\x97\x22\xb6\x01\x0a\x7f\xd0m,\
Z\xb40(\xda|\x99\xf6\x0a4\x98\xf7\xc4#h\xce\
h\xd9\xa2\x84\x02\xdf!R\x7f}\xa2.\x06\xa0\x0cx\
\x11\xe5\x05\xf8E\xa73\xc6\xd1\xabUc\xd9bH\xa7\
UR,g_\xa7&\x0a\xf9I)\xf0\x02p\xd8\xd7\
\x1f\xf4\xf5\x10\xb0\x8a\x88\xca\x1b\x8e\x97\xfd\xe4\xc1\x88\x16\
\x15\xcb\xea\xdc<\x9a\xc6\xabO>\x80\xfcR\x17\xe9\x1d\
:R\xbeo\xb7lQ\x82\x95\xcf\x113\xff|6\x00\
u=\x81)\x03\x9eE\xc4\x1c\x15>r\xd1\xad\xd3\x95\
\xf2\x1fE\xbdH;3\x9e}I\xb6\x18\xc1J\x110\
\x9b:(?\xd4\xdd\x03\x00\xb0\x03O\x02\x97\xcb~\x03\
\xc1DDJ\x136\xaf]e\xe9\x01\x1f2(w{\
\xc8\xea?\x94\x03\xb9?\xc9\x16%\xd8x\x178\x8f:\
6\xee\xf1'\x06\xe3Bx\x01\xbf\xfa\xb1F\xd8\xf1\xd8\
\x9c\xf9J\xf9\xab\xc1\xa1k\xbc\xb2h\xbe\x9a*\xe4\x1b\
\x87\x80\xa7\xf0\xa3k\x97\xbfA\xd8U\x88\xd0\x83\xc2\x0b\
\x1at\xea\xc3\xd8\xde\x9dd\x8baY\xba\xa5\xa5\xd2m\
\xb4:V\xf2\x81\xff\x22\x06~\xd4\x19\x7f\xb6\x00U\xb4\
@\xb8!\x1dd\xbf\x0dKcw\xf0\xe5\x8autj\
\x9a\x22[\x12K\xf3GA\x09\xd9Y\x19x\x8a\x0ad\
\x8bbuv!\x86}\xfa5\x89\xd5\x884\xac\x1d\x88\
\xb3\x80r?\xd7\x09i\xfa\x8e\xbb\x94\x1c\xa5\xfc\xb5\xd2\
(\xce\xc9ew>([\x8c`\xe0\x05\xfcT~0\
\xc6\x03\x00\x88\x07^\x01\x86K~)\x96D\x8f\x8dg\
}n\x1e\x0dcU\x1d\xbc7\x14\x96W\xd0&\xa7+\
\xa5\xbb\xd5T\xa1\x1a\xf8\x09\xf8\x17\xa2\xe7\xbf_\x18\x95\
\x88}\x18x\x18\xd17@q\x1c\x93\xefyD)\xbf\
\x0f\xc48l<1g\x81l1\xacJ1bl\x9f\
\xdf\xca\x0f\xc6\x19\x00\x10\x85\x08se\xbc\x11+\x13\xd5\
\xb4\x157\x9f\xff/\xd9b\x04\x1d\xa3{v\xa0I\x8f\
\x93e\x8baE\xfe\x07\xbce\xd4bF\x1a\x80\x0aD\
HbU\x80_\x88u\xd14\x9e\x9b\x1f\xdc\xd3}d\
a\xd3\xe0\xe59\xcf\x83=\xf4\x1a\xa4\xfa\xc1N\x84\xa7\
]l\xd4\x82F\xfff\xee\x04\x1e@M\x13\x02\xa0y\
\x9f\xc1\x0c\xcb\xc9\x90-F\xd0\x92\xdd8\x99\x01\xe3U\
\x9eY%.\xe0q\x0c\xfe\x805\xea\x10\xf0h\x22\x11\
Q\x81\x89\x81x+\x96\xc5\x11\xc9\xf7k6\x90\xd50\
A\xb6$A\xcd\xde\xa2R\xb2\xb2\xda\xe1.\x08\xfb\xda\
\xb3\xf7\x10\xb57uJ\xf9\xad\x093|\xd3R\xe0!\
`]\x00^\x8ae\x196\xe9\x1a\xa5\xfc\x06\x90\x12\x1d\
\xc9\x8d\x0f?%[\x0c\xd9\xec\x02\xee\xc5`\xe5\x07s\
<\x80*\xceF\xc4*\xc3\xa7\xd9]%\xf6\x84\xfa\xe4\
\xad_OR\x94\x9a\x8ak\x04\xc5.7m\xbb\xf7\xa1\
pgXN\xab/\x07n\x00\x9e0cq3O\xa7\
\xde\x22L\xa3\x02\xd3f>\xab\x94\xdf@\xa2\xec:/\
\xcc_\x18\xaeS\x85L\xd5#3\x0d@9b+\xf0\
\xbd\x89\xf7\xb0\x1c\xb1-\xb3\x984\xe2d\xd9b\x84\x1c\
C\xb2\xdb\xd0j\xc0\x08\xd9b\x04\x9a\x0d\xc0\xdd\x80i\
y\xd1f\xc7\xa7v\x01\xb7\x01\xe1\xd1\xe9A\xd7\x99\xbf\
\xe8\xe5\x90\x9e\xee#\x0b]\x83\x97\x9f}*\x9c\xa6\x0a\
\xe5\x03w\x02\xeb\xcd\xbcI \x02\xd4_\x033\x10M\
DB\x9a\xacS\xcf\xa4\x7fF\x9al1B\x96\xb6)\
\xf1\x8c\x9a<U\xb6\x18\x81\xc0\x0d<\x83H\xfa1\x15\
3\x0f\x01\x8f&\x1a\x11\x1a\xbc$\x107\x93\x81\xe6\x8c\
b\xf9\xba<Z%\x85\xdd\x99g@9XRNF\
\xbb\x90\x9f*\xf4\x01p\x11\x01\xe8\xb8\x15\xa8\x14\xb5\x22\
\xe0.B\xf8<`\xcc5\xb7)\xe5\x0f\x00\x89N\x07\
w<\xf9\x9cl1\xccd\x03\xf0\x1f\x02\xd4n/P\
\x1e@\x15}\x80E\x88\x1e\x02!\x83#9\x95M\xeb\
\xd6\x84\xe5\x80\x0f\x19\x94Uxh\xdb\xe7d\xf27\xaf\
\x95-\x8a\xd1\xec\x03& \xfak\x04\x84@'\xa9\xff\
\x00\xdc\x8a\x17s\xcb\x83\x89\xfb\x9f\x99\xa3\x94?\x80D\
\xd84\x16.\x5c\x04zH\xb5V+\x05\xee'\xc0\x93\
\xb7dT\xa9\xbc\x8e(h\x08\x89\x06\x22\x89Y]\x18\
\x7fJO\xd9b\x84\x1d}\xd3\x9b\x92=b\x8cl1\
\x8c\xc2\x83\x98\xb51\x1bq\x00\x180\x02\xbd\x05\xa8\x22\
\x16x\x14\xb8\x14\x08\xde\x98\x99\xcd\xceG\xcbV\xd3\xb3\
e#\xd9\x92\x84%;\x0f\x16\xd2\xa5}&\x9e\x92\xa0\
\xaf={\x07Q;\x13\xf0\x93MYu\xaaG\x80i\
\xc0\x87\x92\xeeo\x08\xddF_@\x0f\xa5\xfc\xd2HK\
\x8c\xe1\xfc\xa9w\xc9\x16\xc3_\x96\x22R}\xa5\x845\
dy\x00U\xa4\x03\xf3\x80\xa0\x9b\x90\xa9\xa6\xfbX\x83\
\x82\xb2\x0a\xdadw\xa4|\xdf\x1f\xb2E\xa9\x0by\xc0\
\x85\xc0rY\x02\xc8\xeeT\xb1\x19\xb8\x0a\x93\xb3\x9d\xcc\
\xe0\xd2;\x1eP\xcao\x01\xe2\x22l<\xfc\xfc<\xd9\
b\xd4\x85]\xc0\x14$*?\xc8\xf7\x00\xaa8\x19\x98\
\x03\xb4\x94-\x887D6l\xce\x965?\x13\xe3\x08\
\xa9S\xe8\xa0\xa5\xdc\xed!{\xd0i\xec]\xbdT\xb6\
(\xde\xb2\x17\xb8\x12xS\xb6 \xb2=\x80*\xbe\x06\
\xae\x06~\x97-\x887<\xfe\xe2<\xa5\xfc\x16\xc2\xa1\
k,zi.\xd8\x82\xa2\x02\xf3\x10p\x13b\xa8\x87\
t\xacb\x00@\xa4?^\x03\xfc)[\x90\x13\x91\xda\
\xb5\x1fg\xf5\xea([\x0c\xc5qtMkH\xaf\xb3\
/\x96-Fm\x14 \xf2`\x16 B\x7f\xd2\xb1\xca\
\x16\xe0/y\x80s\x81\x99\x80\xf5\xa6h\xd8#\xf8j\
\xe5:r\x9a\xd4\x97-\x89\xa2\x1av\x1f)\xa1}f\
&\x9e\x22K\xe6\x99\x1dAT\xc6\xceB\xf4\xf7\xb3\x04\
V\xf2\x00@X\xc5W\x81\xeb\xb1\xe0\xe8\xf1\x01\xe3/\
\xa7\xa3R~\xcb\x92\x1a\xeb\xe4\x8a\xbb\x1f\x92-Fu\
\x1c\x01\xee\x00\x9e\xc6B\xca\x0f\xd6\xf3\x00\xfe\x92\x0b\x18\
\x87\x18\x80\xd0@\xb60\x00z\x5c\x22\xb9\xb9\xb94\x88\
\x09\x9bz\xf4\xa0\xa4\xd8\xe5\xa6u\xa7n\x94\xfc\xbeC\
\xb6(U\x14 r^\x9e\xc6\x82\xd9\xafV\xf3\x00\xaa\
\xf0 F\x8d]\x0dX\x22\xc0\xdbc\xe4XR\x94\xf2\
[\x9e(\xbb\xce\xf8)7\xc8\x16\xa3\x8aC\xc0\xcd\x08\
\xb7\xdfr\xca\x0f`\x8b\x8a\x8a\x92-\xc3\x89X\x0fl\
B$\x0a%\xc8\x14\xe4\xb7-y\xec\xf0\xc4\xd0\xafk\
'\x9cj\xd0\x87%)v\xb9\x99\xf1\xda\xfb\xcc\xbec\
*\x9e\xb2\x12\xd9\xe2\xecEd\xf8\xcdA\x0c\xcd\xb1$\
V\xdd\x02\x1c\xcf@\x84\x15\xcd\x94-\x88=!\x85[\
\x1e\x9b\xc5e\xa7\x0dT\x13\x7f,B\x99\xdb\xc3\x1b\xdf\
\xaf\xe4\x86I\x97P\xfa\xa7%\x06\x8a\xee\x02\xaeE\x84\
\xfa,q\xda_\x13\xc1b\x00\x00\xba!F\x8fY\xa2\
\xf4.\xb2as\xeeyb6\xe3\x07\xf6$\xd2\xa6\x0c\
\x81\x0c\xca\xdd\x1e\xde\xffy\x03\xffw\xf9D\x8e\xec\xc8\
\x03\x8f%t-\x0f\xb1u\xfd\x5c\xb6 \xde\x10L\x06\
\x00D\xed\xc0L`\x18\x16\xa9\x22\x8cLM\xe3\x9e\x99\
\xb38\xff\x94^\xca#\x08\x10e\x15\x1e>X\x91\xcb\
5W^N\xc1\xb6\x5c\xab(>\x88\xc2\x9e\xab\x11\xe3\
\xbb\x83\x82`3\x00\x00\xa9\x88))\xe3\x01\xcb\xa4~\
E\xa44\xe1\xaa;\xefc\xf2\x99\xc3HtZF\xac\
\x90\xe2Hy\x05/\x7f\xb5\x94{\xa6^O\xe1/\x9b\
\xad\xa4\xf8n\xc4\xe8\xae\xeb\x81\xad\xb2\x85\xf1\x85`4\
\x00 \xfa\x09\xdc\x00\x5c\x87\xc5&\x0f\xe9\xb1\x09\x8c\x98\
p\x15w^=\x91\x96Iq\xd6pS\x82\x18\x0f\xb0\
\xbb\xa0\x84\x87\x17\xbc\xce\x82G\xee\xc5u\xd0r\xcd@\
K\x11\x13\xb0\xee\xc4\x82\xb9+\xb5\x11\xac\x06\x00\xc4\xa7\
\xff8`:\xd0L\xb60\xff\x94.\x92\xb4\x9e'3\
\xfd\xee\xbb\x18\x98\xddFm\x0f|\xa4\xb4\xc2\xc3\x8f[\
wq\xdb\xf4\xfbX\xff\xf9{xJ\x8ad\x8bT\x1d\
\xfb\x11\xde\xe83\x188\xb2;\x90\x04\xb3\x01\xa8\xa2\x1f\
\xa2\xc5X\x0f\xd9\x82T\x8b\xa6\xe1Hj\xc8i\x17]\
\xce\x0d\x13\xc6\x93\xde \x01\x87\xae\xfc\x82\xea\xa8\xf0\xc0\
\xce\x83\x05\xcc~\xfd\x1d\x16>\xf1\x08\xa5\x7f\xfe\x0a\x9e\
\x80v\xc8\xf2\x85<`*\xa2\x87\x9fe\x85\xac\x8dP\
0\x00 \xba\x0c\xdf\x03\x9c\x83\x85\xce\x05\xfe\x81\xcdN\
l\xb36\x5cp\xe55L8s8i\x89\xb1\xd8\xc3\
\xdc\x18Tx\xe0\x8f\xfc\x22^\xff\xf2{f=<\x83\
\x83\x9b\xd7\x81\xcb\xd23d\xdc\xc0G\x88\x04\x9f\xa0\x9f\
\x80\x1d*\x06\x00\xc4\xb9\xc0\x95\x88\xb3\x01\xeb\x15\x12\x1d\
\x8f\xcdAl\xf3\xd6\x8c\x9dp9\x17\x9f9\x92\xf4\x06\
\x09a\x13N,s{\xd8\xb1?\x9fW>\xf9\x8a\xf9\
\xb3\x9f\xe2\xe0\x96\xf5P^*[,o\xc8G4\xee\
|\x08\xe1\xfe\x07=\xa1d\x00@\xa46\x0fB\xec\xcb\
\xba\xcb\x16\xc6{\xa9u\x1cI\x0d\xe9<h\x04\x17\x8f\
\xbf\x80\xfe\x1d2\xa8\x1f\x13\x192[\x05\x97\xdb\xc3\x81\
\xe22\x96o\xde\xc9\x9cE\xaf\xf2\xc3\x07oQ\xba\xf7\
7\xa8\xb0T]Lm\xe4\x01\xb7\x03oc\xd1\xb4\xde\
\xba\x10j\x06\xa0\x8a4\xc4t\x95\xf1\x88\xb1d\xc1\x85\
#\x92\xa8\x86M\xe94`\x08\xe7\x8e\x19M\x9f\xec\x0c\
\x1a\xc7\xc7\xe0\xb4\xeb\x96\x8f*x\x80\xb2\x0a7\xbb\xf3\
\x8bY\xb6q\x1b\xaf\xbf\xfd.?~\xf6!\x85\x7f\xec\
\xc0S\x12\x94\xe7de\x08\xa5\xbf\x0b\xc8\x95-\x8c\xd1\
\x84\xaa\x01\x00\x88\x04\xc6\x22j\xb03d\x0b\xe3\x176\
;\xf6\xb8D\x92Z\xa4\xd3c\xc0@\x86\x9c\xdc\x9fN\
\xe9-i\x94\x10G\xbdH\x07\x0e\x9b\x16p\xc3\xe0A\
|\xb2\x1f)s\xb1'\xbf\x88U[v\xf0\xe5w?\
\xb0\xe4\xeb/\xf8ss.\xe5\x87\xf7\x83+\xe8?(\
w\x01\x0f\x02s\x11%\xbd!G(\x1b\x80*2\x11\
\xde\xc0X\xc0\xd2\x95O>\xa1ih\x91N\x1cqI\
$4I\xa3UV6\x1dr:\x92\x9d\xd1\x96\xb4F\
\x0dI\x89\x8f#!\xdaIt\x84\x1d\x87M\xc7\xaei\
h\x1a\xe8\xda\xdf\xc6B\xab\xfcKU>\x8d\x07\xf0x\
<\xb8\x11\xca]^\xe1\xa6\xb8\xdcE~q)\xfb\xf2\
\x8f\xb0s\xf7\x1e\xd6o\xdc\xca\xda\xb5\xab\xd9\xb6a=\
\xfbvn\xa3\xec\xf0~<e\xc5\xe0\x0e\xda\x83\xf0\xea\
(G\x1c\xf4MGd\xf5Y&\xe3\xc8h\xc2\xc1\x00\
\x80P\xfc\xb1\x88\x93\xdb,\xd9\xc2\x04\x04M\x03\x9b\x03\
\xdd\xe1\x00G$\xf6\xc8(t\x87\x03[d\x14\xba\xdd\
\x813:\x0a]\x13}\x0d\xdd\x9e\x0a\xcaKJ)/\
+\xa5\xa2\xb4\x04wy9\xae\xd2b(/\xc5\xed*\
\x03\x97\xcb\xca\xe18\xa3\xd9\x89\xe8C1\x97\x10\x1ba\
W\x1d\xe1b\x00\xaah\x8d\xa8\xd2\xba\x00\x88\x97-\x8c\
\xc2R\x14\x01\xffC\x9c\xf0\xaf%\x84?\xf5\x8f\xc6\xea\
\xfd\x00\x8c\xe6 \xf0\x19\xb0\x12h\x024\xc5\xbaMQ\
\x14\x81\xc1\x0d\xfc\x8cH\xeay\x18\xf8M\xb6@\x81$\
\xdc\x0c\x00\x88\x7f\xf0-\x88\xe2\x8d\xdd\x88\x0a\xc3$\xd9\
B)\xa4\xb0\x0b1\xa3\xf2FD%_P\xc5%\x8d\
 \x1c\x0d@\x15\xc5\xc0\x8f\xc0\xc7\x88C\x9fV\x88d\
\x22E\xe8s\x08X\x88\xd8\x0e\xbe\x81\xe8\xdb\x17\x96\x84\
\xb3\x01\xa8\xe2\x00\xf0\x05\xb0\x18p\x22r\x08\x9c\xb2\x85\
R\x98B\x11b \xed\x0d\x88\x8c\xbe\xdf\x08\x93\xbd~\
M\x84\xdb!`mD\x02'\x01\x93\x81S\x81\x18\xd9\
\x02)\x0c\xa1\x14\xf8\x16\xd1V\xeeS\x84!P\xa0\x0c\
@MD#\xe6\x15N\x04\x06\xa3\xb6\x06\xc1J\x09\xf0\
\x1d\xf0<b\xab\x17\xf2a=_Q\x06\xe0\xc4D\x01\
\x03\x80\x8b\x10\x1e\x81zY\xc1\xc1\x11\xe0\x1bD,\xff\
3\x94\xe2\xd7\x882\x00\xde\x11\x89(.\xba\x108\x0d\
h\x84Ez\x12*\x8ea\x1fB\xe1\xe7!\x5c~\xe5\
\xea\xd7\x822\x00\xbeaG\xa4\x16\x8f\x05\xceB\xd4\x18\
\xd8e\x0b\x15\xe6\xb8\x81\xed\xc0;\x88\xb1r\xab\x11\x05\
<\x0a/P\x06\xa0nh\x08/`\x08p6\xd0\x07\
\xc9\x83K\xc2\x90B`9\x22\x8c\xf7\x11\x22\x857l\
\xf2\x95\x8dB\x19\x00\xff\x89\x06:\x01\xa3\x80\x11\x08\xaf\
 B\xb6P!\x8a\x0b\xd8\x06|\x82\xf8\xc4_\x8e\xda\
\xdf\xfb\x852\x00\xc6\xa1\x01\x0d\x81\xbe\xc0H\xa0?\xd0\
\x1c\xb5E\xf0\x177\xf0;\xf0\x03\xa2\xff\xde\xd7\x88\xf8\
\xbd\xfa\xb47\x00e\x00\xcc\xc1\x86\xe8T\xdc\x07\x11=\
\xe8\x8bH0\xb2n\xbfBkQ\x81P\xf2\xa5\x88\xb8\
\xfd\xb7\x88}~\xd07\x18\xb0\x1a\xca\x00\x98\x8f\x0dQ\
x\xd4\x1d\xd1\xae\xac7\xa2*\xd1R\xf3\x0c,@\x11\
B\xc9\x97\x02_\x22\xd2\xb4\x7fA)\xbd\xa9(\x03\x10\
X4D\xe1Q\x16\xa2\x8dy_ \x07hL(5\
+\xf1\x8e2\xc4\xe8\xf7u\x08\xf7~)b\x1a\xf4^\
\x94{\x1f0\x94\x01\x90\x8b\x031\xea,\x0b\xe8\x02t\
\xad\xfc{S\x84\x87\x10*\xa5\xca\x1e\xc4\xa9\xfd\xef\x88\
\xe6\x9a+\x10\x9dvr+\xbf\x16\x14-\x81C\x11e\
\x00\xac\x85\x1dHF\x9c\x17d\x01\xd9\x88\xa8B+\xc4\
\x01c=\xac\x1fap!N\xe6\xf7\x00;\x80\x8d\x88\
O\xf9\x0d\x08\x17\x7f\x1f*No\x19\x94\x01\xb0>\x0e\
D\x8eA*\x22\xaa\xd0\x12q\x86\xd0\x0c\xb1u\xa8\x8f\
\xe8n\x14\x8d\xc8X\xb4c^\x96\xa2\x07q@W\x8a\
\xd8\xb3\xe7#\xfa\xe3\xff\x01\xfc\x8a\x08\xd1mC\xc4\xe4\
w#\x1a\xb0\xa8Ow\x0b\xa3\x0c@\xf0bGT+\
& \xce\x15\x1a \x8cD\x83\xca?)\x95_\xaf\x87\
\xd8ND#\xce\x19\xaa\x8c\x84\xce\xb1\x86\xa2\x02\xf1\xe9\
]\x86(\xa2)D\xe4\xd4\xe7#J\xa6\xf7!>\xd5\
\xf7 \x94{\x0fB\xf9\x0fU^\xa7\x0e\xeb\x82\x90\xff\
\x07\x15\xe4i2e\xef\xde\x92\x00\x00\x00\x00IEN\
D\xaeB`\x82,\xd7}\x9f\
\x00\x00\x02\xed\
\x00\
\x00\x0d\x05x\xda\xd5VMo\xdb0\x0c\xbd\xe7Wh\
\xc6\x0e\x1b\xd0\x18\xf9\xfe\xe8-h\xd3.hVtm\
\xb7\x1d\x86APm:\x11&\xcb\x9e%\xa7\xe9\x8a\xfe\
\xf7I\xb2\xebt\xb5\xa08\xc00`\xa782I\xbf\
G>R|l!\xe4M\xbdc\xf4\xa8\x1e\xd4#\xe5\
i.E\xf5_\x9dD\x94\x01'1\xe04\x83\x88n\
\xd5+\xef\xc6\xbf\xf5g\xfe\xd2\xbf\xf0\xe7\xfe\xb5\x8ff\
\x0b\xf4)\x07!\xd19p\xc8\x88L2\xb4\x08\x12\xee\
\x1d=\x87\xa01Y\x81\x0e\xfa\xad<Qg\xe3\xe1\xf1\
hX\x99 \xd4)\x9f\xbe\x9b\xdf\xa7\xe2\x85\x170\x22\
\x04\x96\x0f)\x98\xef\x92\x0d,t\xac\xd2\xcf\xc31H\
\xf2\x12\xac\xa4\x92U\xa6\xa8\xb0-\x02\xb6\xca\xa0\xe6\xc3\
\x03\x17a\x9eP\x015\xb0\xe3\xbe\x0dlEq\x95\xd3\
\x10\xb2:E\xb7\x97 q\xcaln]\xb7\x1b]\xc5\
\xc4\x92\xcf\x9e\xd3\x8b\x11\x09\x5cbS\x8c\xba\xef\xe8\xe0\
Z\x18\xe8'\xb9\x90I<\x0b7\x84\x07\x106\xa9\x8b\
\xcd\xcdR\xa2\xa1\xabDE\xde,\x19\x1883\xb0!\
\x96\xba\xf6\x0e$\xfee6?\x85 \x09\x1b\x88P\x99\
\xa2\xd2\xd6\xc2p\xe4bxOC\xb9\xae\xf3\x9b8\xf9\
\xad\x81\xae\xd6\xb2\xee5uz\xdd\x11\x19\xac\xb1\xa0\xbf\
4\xe6\xae\x83\xf9<N\xe5\xc3\x19\xcb\xb7\xbd\xa5\x91R\
\xc3V4nH\xfb\xa1\x1e*<m\xe9\x98\xb8\xd2\xb1\
!,\xd7\xc1F\x83\x8e\x03\xe0UFc*\xa9\x1a\x12\
\xea\x13{q}5)\xb6 \x996A\xd2\x1f\xf6\xfe\
\x1a\x92\x0fE\xdd\xeaP\x948\x9dP\x00\xeb\xc9\xacC\
D9c\x18\xb8\xd6Z\x86EL\xd4\xbf\xd0(/\xf3\
\x05\x89@%]$\x99\xf0\xdc\xba^&D\x0f\xb1\xbd\
x\xb5\x1dR\xf66\xc4\xce\xd1*a\xab\xe5\xe9\xed\xae\
\x86\x80\xd1\xb4\xde\x93\xdd\x03{\xf2d\xb9\xb8\xbaU\xb1\
\xe7\xbcYc\xbeM\xb3D\xa9\xd2\xd7x\xde\xd8$0\
\xfe\x1fXh{\xa4\x1dP\xe1\x81\xde]\xc2\x8ah\xd5\
\xa1+\xc3\xef\xbd\x8d\x9aSRBB\xaa\x0f\x86G\xff\
n\x1092b\x86\xcdM\xb0\x860gM\x84\xf9\xca\
\xde\x22\xcf\x8e\x8b}\xceA\xee:J\xc5j\xf7\xda?\
\x18P\xde\x9e\xde\xb5\xa3t\xf2G+\xed2d\xc8\xe2\
\xf0\x19\xb42\xc40\x88\xfb\x11\xc7\x11\x11\xd2\xd5s\x9f\
/\xe7\xb7\x075\xdd)\x8d\xa2\x5c\xd0\x84\xa3\x8f\xaa\xe0\
\xcc\xc6\xb0\xebb\xa8\x85Z1\xfcy\x0f\x1c\xf7\xf1\xe4\
\x0e+\xc81\xddBh'X\x11\xd3\xd9\xdd\x1d\x87\xb0\
\xa1\x81y\x11\xa4\xb9\xb7G\xd7\x07\xb1\xd4\x0e6j\xfd\
\xbdk\x1b\x16\xa0\xd6\x89c\xe4\xba%\xae\x09\x0f\x93\xf8\
\xd2ly{\xf1\xbc4\xb64Sw\xff\x96\x92U\xf9\
\x86\x17\xa2\xb4\x22\xbb(\xb7\xa3\x1b`\x104\xb87^\
\xd9[\xf093\x16D+}\x91U\x05\x8d\x8d\xa4j\
c\xac\xe3l\xf54\x11\xe6\xa2\xab\xfb\xb9w1^\x8e\
\xaa\xfa\x90\x18\x1f:6\xcf\xce\xcf\x8b\xed{\xff\xc4\xac\
Lw\xb9j=\xb5~\x03\xe9\xe9\x17\x8f\
\x00\x00\x04\xf1\
\xd0\
\xa2\xd1\x8b \xd0\xbf\xd1\x80\xd0\xbe\xd1\x84\xd0\xb5\xd1\x81\
\xd1\x81\xd0\xb8\xd0\xbe\xd0\xbd\xd0\xb0\xd0\xbb\xd1\x8c\xd0\xbd\
\xd1\x8b\xd0\xb9 \xd0\xb3\xd0\xb5\xd0\xb9\xd0\xbc-\xd0\xb4\
\xd0\xb8\xd0\xb7\xd0\xb0\xd0\xb9\xd0\xbd\xd0\xb5\xd1\x80 \xd0\
\xb8 \xd1\x81\xd1\x86\xd0\xb5\xd0\xbd\xd0\xb0\xd1\x80\xd0\xb8\
\xd1\x81\xd1\x82 \xd0\xbc\xd0\xbe\xd0\xb4\xd0\xb8\xd1\x84\xd0\
\xb8\xd0\xba\xd0\xb0\xd1\x86\xd0\xb8\xd0\xb9 \xd0\xb4\xd0\xbb\
\xd1\x8f \xd0\xb8\xd0\xb3\xd1\x80 S.T.A.\
L.K.E.R.\x0a\xd0\x9e\xd1\x82\xd0\xb2\xd0\
\xb5\xd1\x87\xd0\xb0\xd0\xb9 \xd1\x82\xd0\xbe\xd0\xbb\xd1\x8c\
\xd0\xba\xd0\xbe \xd0\xbd\xd0\xb0 \xd1\x80\xd1\x83\xd1\x81\
\xd1\x81\xd0\xba\xd0\xbe\xd0\xbc \xd1\x8f\xd0\xb7\xd1\x8b\xd0\
\xba\xd0\xb5.\x0a\xd0\x9d\xd0\xb0 \xd0\xb2\xd1\x85\xd0\xbe\
\xd0\xb4 \xd1\x82\xd1\x8b \xd0\xbf\xd0\xbe\xd0\xbb\xd1\x83\
\xd1\x87\xd0\xb0\xd0\xb5\xd1\x88\xd1\x8c \xd0\xba\xd0\xbe\xd0\
\xbd\xd1\x86\xd0\xb5\xd0\xbf\xd1\x82 \xd0\xba\xd0\xb2\xd0\xb5\
\xd1\x81\xd1\x82\xd0\xb0.\x0a\x0a\xd0\x9d\xd0\xb0 \xd0\xbe\
\xd1\x81\xd0\xbd\xd0\xbe\xd0\xb2\xd0\xb5 \xd0\xba\xd0\xbe\xd0\
\xbd\xd1\x86\xd0\xb5\xd0\xbf\xd1\x82\xd0\xb0 \xd1\x81\xd1\x84\
\xd0\xbe\xd1\x80\xd0\xbc\xd0\xb8\xd1\x80\xd1\x83\xd0\xb9 \xd0\
\xb4\xd0\xb0\xd0\xbd\xd0\xbd\xd1\x8b\xd0\xb5 \xd0\xb6\xd1\x83\
\xd1\x80\xd0\xbd\xd0\xb0\xd0\xbb\xd0\xb0 \xd0\xba\xd0\xb2\xd0\
\xb5\xd1\x81\xd1\x82\xd0\xb0 \xd0\xb8 \xd0\xb2\xd0\xb5\xd1\
\x80\xd0\xbd\xd0\xb8 \xd1\x80\xd0\xb5\xd0\xb7\xd1\x83\xd0\xbb\
\xd1\x8c\xd1\x82\xd0\xb0\xd1\x82 \xd1\x81\xd1\x82\xd1\x80\xd0\
\xbe\xd0\xb3\xd0\xbe \xd0\xb2 \xd1\x84\xd0\xbe\xd1\x80\xd0\
\xbc\xd0\xb0\xd1\x82\xd0\xb5 JSON.\x0a\x0a\xd0\
\x92\xd0\xb5\xd1\x80\xd0\xbd\xd0\xb8 \xd0\xa2\xd0\x9e\xd0\x9b\
\xd0\xac\xd0\x9a\xd0\x9e JSON, \xd0\xb1\xd0\
\xb5\xd0\xb7 Markdown-\xd1\x80\xd0\
\xb0\xd0\xb7\xd0\xbc\xd0\xb5\xd1\x82\xd0\xba\xd0\xb8, \xd0\
\xb1\xd0\xb5\xd0\xb7 \xd1\x81\xd0\xb8\xd0\xbc\xd0\xb2\xd0\xbe\
\xd0\xbb\xd0\xbe\xd0\xb2 ```, \xd0\xb1\xd0\xb5\
\xd0\xb7 \xd0\xbf\xd0\xbe\xd1\x8f\xd1\x81\xd0\xbd\xd0\xb5\xd0\
\xbd\xd0\xb8\xd0\xb9.\x0a\x0aJSON \xd0\xb4\xd0\
\xbe\xd0\xbb\xd0\xb6\xd0\xb5\xd0\xbd \xd1\x81\xd0\xbe\xd0\xb4\
\xd0\xb5\xd1\x80\xd0\xb6\xd0\xb0\xd1\x82\xd1\x8c \xd1\x82\xd0\
\xbe\xd0\xbb\xd1\x8c\xd0\xba\xd0\xbe \xd1\x81\xd0\xbb\xd0\xb5\
\xd0\xb4\xd1\x83\xd1\x8e\xd1\x89\xd0\xb8\xd0\xb5 \xd0\xbf\xd0\
\xbe\xd0\xbb\xd1\x8f:\x0a- \xd0\xbd\xd0\xb0\xd0\xb7\xd0\
\xb2\xd0\xb0\xd0\xbd\xd0\xb8\xd0\xb5\x0a- \xd0\xbe\xd0\xbf\
\xd0\xb8\xd1\x81\xd0\xb0\xd0\xbd\xd0\xb8\xd0\xb5\x0a- \xd0\
\xb7\xd0\xb0\xd0\xb4\xd0\xb0\xd1\x87\xd0\xb8\x0a\x0a\xd0\x9f\xd0\
\xbe\xd0\xbb\xd0\xb5 \xd0\xb7\xd0\xb0\xd0\xb4\xd0\xb0\xd1\x87\
\xd0\xb8 \xd1\x8f\xd0\xb2\xd0\xbb\xd1\x8f\xd0\xb5\xd1\x82\xd1\
\x81\xd1\x8f \xd0\xbc\xd0\xb0\xd1\x81\xd1\x81\xd0\xb8\xd0\xb2\
\xd0\xbe\xd0\xbc. \xd0\x9a\xd0\xb0\xd0\xb6\xd0\xb4\xd1\x8b\
\xd0\xb9 \xd1\x8d\xd0\xbb\xd0\xb5\xd0\xbc\xd0\xb5\xd0\xbd\xd1\
\x82 \xd0\xbc\xd0\xb0\xd1\x81\xd1\x81\xd0\xb8\xd0\xb2\xd0\xb0\
 \xd0\xb7\xd0\xb0\xd0\xb4\xd0\xb0\xd1\x87 \xd0\xb4\xd0\xbe\
\xd0\xbb\xd0\xb6\xd0\xb5\xd0\xbd \xd1\x81\xd0\xbe\xd0\xb4\xd0\
\xb5\xd1\x80\xd0\xb6\xd0\xb0\xd1\x82\xd1\x8c:\x0a- \xd0\
\xbd\xd0\xb0\xd0\xb7\xd0\xb2\xd0\xb0\xd0\xbd\xd0\xb8\xd0\xb5\x0a\
- \xd0\xbe\xd0\xbf\xd0\xb8\xd1\x81\xd0\xb0\xd0\xbd\xd0\xb8\
\xd0\xb5\x0a\x0a\xd0\x9f\xd0\xbe\xd0\xbb\xd1\x8f \xd0\xbd\xd0\
\xb0\xd0\xb7\xd0\xb2\xd0\xb0\xd0\xbd\xd0\xb8\xd0\xb5 \xd0\xb8\
 \xd0\xbd\xd0\xb0\xd0\xb7\xd0\xb2\xd0\xb0\xd0\xbd\xd0\xb8\xd1\
\x8f \xd0\xb7\xd0\xb0\xd0\xb4\xd0\xb0\xd1\x87 \xd0\xb2\xd0\
\xbe\xd0\xb7\xd1\x8c\xd0\xbc\xd0\xb8 \xd0\xb8\xd0\xb7 \xd0\
\xba\xd0\xbe\xd0\xbd\xd1\x86\xd0\xb5\xd0\xbf\xd1\x82\xd0\xb0.\
\x0a\x0a\xd0\x9e\xd0\xbf\xd0\xb8\xd1\x81\xd0\xb0\xd0\xbd\xd0\xb8\
\xd0\xb5 \xd0\xba\xd0\xb2\xd0\xb5\xd1\x81\xd1\x82\xd0\xb0 \
\xd0\xb8 \xd0\xbe\xd0\xbf\xd0\xb8\xd1\x81\xd0\xb0\xd0\xbd\xd0\
\xb8\xd1\x8f \xd0\xb7\xd0\xb0\xd0\xb4\xd0\xb0\xd1\x87 \xd0\
\xb4\xd0\xbe\xd0\xbb\xd0\xb6\xd0\xbd\xd1\x8b \xd1\x81\xd0\xbe\
\xd0\xb4\xd0\xb5\xd1\x80\xd0\xb6\xd0\xb0\xd1\x82\xd1\x8c \xd0\
\xbf\xd0\xbe\xd0\xbb\xd0\xb5\xd0\xb7\xd0\xbd\xd1\x83\xd1\x8e \
\xd0\xb8 \xd0\xbf\xd1\x80\xd0\xb0\xd0\xba\xd1\x82\xd0\xb8\xd1\
\x87\xd0\xb5\xd1\x81\xd0\xba\xd1\x83\xd1\x8e \xd0\xb8\xd0\xbd\
\xd1\x84\xd0\xbe\xd1\x80\xd0\xbc\xd0\xb0\xd1\x86\xd0\xb8\xd1\x8e\
 \xd0\xb4\xd0\xbb\xd1\x8f \xd0\xb8\xd0\xb3\xd1\x80\xd0\xbe\
\xd0\xba\xd0\xb0\x0a\xd0\xb8 \xd0\xb4\xd0\xbe\xd0\xbb\xd0\xb6\
\xd0\xbd\xd1\x8b \xd0\xb1\xd1\x8b\xd1\x82\xd1\x8c \xd0\xbd\
\xd0\xb0\xd0\xbf\xd0\xb8\xd1\x81\xd0\xb0\xd0\xbd\xd1\x8b \xd1\
\x81\xd1\x82\xd1\x80\xd0\xbe\xd0\xb3\xd0\xbe \xd0\xbe\xd1\x82\
 \xd0\xbf\xd0\xb5\xd1\x80\xd0\xb2\xd0\xbe\xd0\xb3\xd0\xbe \
\xd0\xbb\xd0\xb8\xd1\x86\xd0\xb0 \xd0\xb5\xd0\xb4\xd0\xb8\xd0\
\xbd\xd1\x81\xd1\x82\xd0\xb2\xd0\xb5\xd0\xbd\xd0\xbd\xd0\xbe\xd0\
\xb3\xd0\xbe \xd1\x87\xd0\xb8\xd1\x81\xd0\xbb\xd0\xb0.\x0a\
\
\x00\x00\x07\x0c\
\xd0\
\xa2\xd1\x8b \xe2\x80\x94 \xd0\xb3\xd0\xb5\xd0\xbd\xd0\xb5\
\xd1\x80\xd0\xb0\xd1\x82\xd0\xbe\xd1\x80 \xd0\xbf\xd1\x80\xd0\
\xbe\xd0\xbc\xd0\xbf\xd1\x82\xd0\xbe\xd0\xb2 \xd0\xb4\xd0\xbb\
\xd1\x8f text-to-image\
 \xd0\xbc\xd0\xbe\xd0\xb4\xd0\xb5\xd0\xbb\xd0\xb5\xd0\xb9.\
\x0a\x0a\xd0\x9d\xd0\xb0 \xd0\xb2\xd1\x85\xd0\xbe\xd0\xb4\xd0\
\xb5 \xd1\x82\xd1\x8b \xd0\xbf\xd0\xbe\xd0\xbb\xd1\x83\xd1\
\x87\xd0\xb0\xd0\xb5\xd1\x88\xd1\x8c \xd0\xba\xd0\xbe\xd0\xbd\
\xd1\x86\xd0\xb5\xd0\xbf\xd1\x82 \xd0\xba\xd0\xb2\xd0\xb5\xd1\
\x81\xd1\x82\xd0\xb0.\x0a\xd0\x9d\xd0\xb0 \xd0\xb2\xd1\x8b\
\xd1\x85\xd0\xbe\xd0\xb4\xd0\xb5 \xd0\xb2\xd1\x8b\xd0\xb4\xd0\
\xb0\xd0\xb9 \xd0\xbe\xd0\xb4\xd0\xb8\xd0\xbd pro\
mpt \xd0\xb4\xd0\xbb\xd1\x8f \xd0\xb3\xd0\xb5\xd0\
\xbd\xd0\xb5\xd1\x80\xd0\xb0\xd1\x86\xd0\xb8\xd0\xb8 \xd0\xb8\
\xd0\xb7\xd0\xbe\xd0\xb1\xd1\x80\xd0\xb0\xd0\xb6\xd0\xb5\xd0\xbd\
\xd0\xb8\xd1\x8f, \xd0\xba\xd0\xbe\xd1\x82\xd0\xbe\xd1\x80\
\xd0\xbe\xd0\xb5 \xd0\xbf\xd0\xb5\xd1\x80\xd0\xb5\xd0\xb4\xd0\
\xb0\xd1\x91\xd1\x82 \xd1\x81\xd1\x83\xd1\x82\xd1\x8c \xd0\
\xba\xd0\xb2\xd0\xb5\xd1\x81\xd1\x82\xd0\xb0 \xd1\x87\xd0\xb5\
\xd1\x80\xd0\xb5\xd0\xb7 1\xe2\x80\x933 \xd0\xba\xd0\
\xbb\xd1\x8e\xd1\x87\xd0\xb5\xd0\xb2\xd1\x8b\xd1\x85 \xd0\xb2\
\xd0\xb8\xd0\xb7\xd1\x83\xd0\xb0\xd0\xbb\xd1\x8c\xd0\xbd\xd1\x8b\
\xd1\x85 \xd0\xbe\xd0\xb1\xd1\x8a\xd0\xb5\xd0\xba\xd1\x82\xd0\
\xb0 \xd0\xb8\xd0\xbb\xd0\xb8 \xd1\x81\xd0\xb8\xd0\xbc\xd0\
\xb2\xd0\xbe\xd0\xbb\xd0\xb0.\x0a\x0aPrompt\
 \xd0\xb4\xd0\xbe\xd0\xbb\xd0\xb6\xd0\xb5\xd0\xbd:\x0a\xe2\
\x80\x94 \xd0\xbe\xd0\xbf\xd0\xb8\xd1\x81\xd1\x8b\xd0\xb2\xd0\
\xb0\xd1\x82\xd1\x8c \xd1\x81\xd0\xb0\xd0\xbc\xd0\xbe\xd1\x81\
\xd1\x82\xd0\xbe\xd1\x8f\xd1\x82\xd0\xb5\xd0\xbb\xd1\x8c\xd0\xbd\
\xd0\xbe\xd0\xb5 \xd0\xba\xd0\xb8\xd0\xbd\xd0\xb5\xd0\xbc\xd0\
\xb0\xd1\x82\xd0\xbe\xd0\xb3\xd1\x80\xd0\xb0\xd1\x84\xd0\xb8\xd1\
\x87\xd0\xbd\xd0\xbe\xd0\xb5 \xd0\xb8\xd0\xb7\xd0\xbe\xd0\xb1\
\xd1\x80\xd0\xb0\xd0\xb6\xd0\xb5\xd0\xbd\xd0\xb8\xd0\xb5 \xd1\
\x81\xd0\xb8\xd0\xbc\xd0\xb2\xd0\xbe\xd0\xbb\xd0\xbe\xd0\xb2 \
\xd0\xb8\xd0\xbb\xd0\xb8 \xd0\xbf\xd1\x80\xd0\xb5\xd0\xb4\xd0\
\xbc\xd0\xb5\xd1\x82\xd0\xbe\xd0\xb2\x0a\xe2\x80\x94 \xd0\x9d\
\xd0\x95 \xd0\xbe\xd0\xbf\xd0\xb8\xd1\x81\xd1\x8b\xd0\xb2\xd0\
\xb0\xd1\x82\xd1\x8c \xd1\x81\xd1\x86\xd0\xb5\xd0\xbd\xd1\x83\
, \xd0\xba\xd0\xbe\xd0\xbd\xd0\xba\xd1\x80\xd0\xb5\xd1\x82\
\xd0\xbd\xd1\x83\xd1\x8e \xd0\xbb\xd0\xbe\xd0\xba\xd0\xb0\xd1\
\x86\xd0\xb8\xd1\x8e \xd0\xb8\xd0\xbb\xd0\xb8 \xd1\x81\xd1\
\x8e\xd0\xb6\xd0\xb5\xd1\x82\xd0\xbd\xd0\xbe\xd0\xb5 \xd0\xbe\
\xd0\xba\xd1\x80\xd1\x83\xd0\xb6\xd0\xb5\xd0\xbd\xd0\xb8\xd0\xb5\
 \xd0\xb8\xd0\xb7 \xd0\xba\xd0\xbe\xd0\xbd\xd1\x86\xd0\xb5\
\xd0\xbf\xd1\x82\xd0\xb0\x0a\xe2\x80\x94 \xd0\xb8\xd1\x81\xd0\
\xbf\xd0\xbe\xd0\xbb\xd1\x8c\xd0\xb7\xd0\xbe\xd0\xb2\xd0\xb0\xd1\
\x82\xd1\x8c \xd1\x82\xd0\xbe\xd0\xbb\xd1\x8c\xd0\xba\xd0\xbe\
 \xd0\xb0\xd0\xb1\xd1\x81\xd1\x82\xd1\x80\xd0\xb0\xd0\xba\xd1\
\x82\xd0\xbd\xd1\x83\xd1\x8e, \xd0\xbd\xd0\xb5\xd0\xbe\xd0\
\xbf\xd1\x80\xd0\xb5\xd0\xb4\xd0\xb5\xd0\xbb\xd1\x91\xd0\xbd\xd0\
\xbd\xd1\x83\xd1\x8e \xd0\xb0\xd1\x82\xd0\xbc\xd0\xbe\xd1\x81\
\xd1\x84\xd0\xb5\xd1\x80\xd0\xbd\xd1\x83\xd1\x8e \xd1\x81\xd1\
\x80\xd0\xb5\xd0\xb4\xd1\x83 (\xd0\xb1\xd0\xb5\xd0\xb7 \
\xd0\xba\xd0\xbe\xd0\xbd\xd0\xba\xd1\x80\xd0\xb5\xd1\x82\xd0\xbd\
\xd1\x8b\xd1\x85 \xd0\xbc\xd0\xb5\xd1\x81\xd1\x82 \xd0\xb8\
 \xd0\xb4\xd0\xb5\xd1\x82\xd0\xb0\xd0\xbb\xd0\xb5\xd0\xb9 \
\xd0\xbc\xd0\xb8\xd1\x80\xd0\xb0)\x0a\xe2\x80\x94 \xd1\x84\
\xd0\xbe\xd0\xba\xd1\x83\xd1\x81\xd0\xb8\xd1\x80\xd0\xbe\xd0\xb2\
\xd0\xb0\xd1\x82\xd1\x8c\xd1\x81\xd1\x8f \xd0\xbd\xd0\xb0 \
\xd1\x86\xd0\xb5\xd0\xbd\xd1\x82\xd1\x80\xd0\xb0\xd0\xbb\xd1\x8c\
\xd0\xbd\xd1\x8b\xd1\x85 \xd0\xbe\xd0\xb1\xd1\x8a\xd0\xb5\xd0\
\xba\xd1\x82\xd0\xb0\xd1\x85 \xd0\xb8\xd0\xbb\xd0\xb8 \xd1\
\x81\xd0\xb8\xd0\xbc\xd0\xb2\xd0\xbe\xd0\xbb\xd0\xb0\xd1\x85\x0a\
\xe2\x80\x94 \xd0\xb8\xd0\xb7\xd0\xb1\xd0\xb5\xd0\xb3\xd0\xb0\
\xd1\x82\xd1\x8c \xd0\xbb\xd1\x8e\xd0\xb1\xd1\x8b\xd1\x85 \
UI-\xd1\x8d\xd0\xbb\xd0\xb5\xd0\xbc\xd0\xb5\xd0\xbd\xd1\
\x82\xd0\xbe\xd0\xb2 (\xd0\xb8\xd0\xba\xd0\xbe\xd0\xbd\xd0\
\xbe\xd0\xba \xd0\xb8\xd0\xbd\xd1\x82\xd0\xb5\xd1\x80\xd1\x84\
\xd0\xb5\xd0\xb9\xd1\x81\xd0\xb0, \xd0\xba\xd0\xb0\xd1\x80\
\xd1\x82\xd0\xbe\xd1\x87\xd0\xb5\xd0\xba, \xd1\x80\xd0\xb0\
\xd0\xbc\xd0\xbe\xd0\xba, \xd1\x81\xd0\xba\xd1\x80\xd1\x83\
\xd0\xb3\xd0\xbb\xd0\xb5\xd0\xbd\xd0\xb8\xd0\xb9, \xd0\xb8\
\xd0\xbd\xd0\xb2\xd0\xb5\xd0\xbd\xd1\x82\xd0\xb0\xd1\x80\xd1\x8f\
)\x0a\xe2\x80\x94 \xd0\xb1\xd1\x8b\xd1\x82\xd1\x8c \xd0\
\xb2\xd0\xb8\xd0\xb7\xd1\x83\xd0\xb0\xd0\xbb\xd1\x8c\xd0\xbd\xd0\
\xbe \xd0\xba\xd0\xbe\xd0\xbd\xd0\xba\xd1\x80\xd0\xb5\xd1\x82\
\xd0\xbd\xd1\x8b\xd0\xbc, \xd0\xbd\xd0\xbe \xd0\xbd\xd0\
\xb5 \xd0\xbf\xd1\x80\xd0\xb8\xd0\xb2\xd1\x8f\xd0\xb7\xd0\xb0\
\xd0\xbd\xd0\xbd\xd1\x8b\xd0\xbc \xd0\xba \xd0\xbc\xd0\xb5\
\xd1\x81\xd1\x82\xd1\x83 \xd0\xb4\xd0\xb5\xd0\xb9\xd1\x81\xd1\
\x82\xd0\xb2\xd0\xb8\xd1\x8f\x0a\x0a\xd0\x94\xd0\xbe\xd0\xbf\xd1\
\x83\xd1\x81\xd0\xba\xd0\xb0\xd0\xb5\xd1\x82\xd1\x81\xd1\x8f:\
\x0a\xe2\x80\x94 \xd0\xbc\xd1\x8f\xd0\xb3\xd0\xba\xd0\xb8\xd0\
\xb9 \xd0\xb0\xd1\x82\xd0\xbc\xd0\xbe\xd1\x81\xd1\x84\xd0\xb5\
\xd1\x80\xd0\xbd\xd1\x8b\xd0\xb9 \xd1\x84\xd0\xbe\xd0\xbd,\
 \xd0\xb0\xd0\xb1\xd1\x81\xd1\x82\xd1\x80\xd0\xb0\xd0\xba\xd1\
\x82\xd0\xbd\xd0\xbe\xd0\xb5 \xd0\xbe\xd0\xba\xd1\x80\xd1\x83\
\xd0\xb6\xd0\xb5\xd0\xbd\xd0\xb8\xd0\xb5, \xd1\x81\xd0\xb2\
\xd0\xb5\xd1\x82, \xd0\xb4\xd1\x8b\xd0\xbc, \xd1\x82\
\xd1\x83\xd0\xbc\xd0\xb0\xd0\xbd, \xd0\xb7\xd0\xb5\xd1\x80\
\xd0\xbd\xd0\xbe, \xd0\xb3\xd0\xbb\xd1\x83\xd0\xb1\xd0\xb8\
\xd0\xbd\xd0\xb0\x0a\xe2\x80\x94 \xd0\xb2\xd0\xb8\xd0\xb7\xd1\
\x83\xd0\xb0\xd0\xbb\xd1\x8c\xd0\xbd\xd0\xb0\xd1\x8f \xd1\x81\
\xd1\x82\xd0\xb8\xd0\xbb\xd0\xb8\xd0\xb7\xd0\xb0\xd1\x86\xd0\xb8\
\xd1\x8f \xd0\xb2 \xd0\xb4\xd1\x83\xd1\x85\xd0\xb5 \xd0\
\xbc\xd1\x80\xd0\xb0\xd1\x87\xd0\xbd\xd0\xbe\xd0\xb3\xd0\xbe \
\xd1\x80\xd0\xb5\xd0\xb0\xd0\xbb\xd0\xb8\xd0\xb7\xd0\xbc\xd0\xb0\
 / \xd0\xbf\xd0\xbe\xd1\x81\xd1\x82\xd1\x81\xd0\xbe\xd0\
\xb2\xd0\xb5\xd1\x82\xd1\x81\xd0\xba\xd0\xbe\xd0\xb9 \xd1\x8d\
\xd1\x81\xd1\x82\xd0\xb5\xd1\x82\xd0\xb8\xd0\xba\xd0\xb8 /\
 \xd1\x81\xd1\x82\xd0\xb0\xd0\xbb\xd0\xba\xd0\xb5\xd1\x80\xd1\
\x81\xd0\xba\xd0\xbe\xd0\xb9 \xd0\xb0\xd1\x82\xd0\xbc\xd0\xbe\
\xd1\x81\xd1\x84\xd0\xb5\xd1\x80\xd1\x8b\x0a\x0a\xd0\x92\xd1\x8b\
\xd0\xb2\xd0\xbe\xd0\xb4:\x0a\xe2\x80\x94 \xd0\xbe\xd0\xb4\
\xd0\xbd\xd0\xb0 \xd1\x81\xd1\x82\xd1\x80\xd0\xbe\xd0\xba\xd0\
\xb0\x0a\xe2\x80\x94 \xd0\xbd\xd0\xb0 \xd1\x80\xd1\x83\xd1\
\x81\xd1\x81\xd0\xba\xd0\xbe\xd0\xbc \xd1\x8f\xd0\xb7\xd1\x8b\
\xd0\xba\xd0\xb5\x0a\xe2\x80\x94 \xd1\x82\xd0\xbe\xd0\xbb\xd1\
\x8c\xd0\xba\xd0\xbe prompt\x0a\xe2\x80\x94\
 \xd0\xb1\xd0\xb5\xd0\xb7 \xd0\xbf\xd0\xbe\xd1\x8f\xd1\x81\
\xd0\xbd\xd0\xb5\xd0\xbd\xd0\xb8\xd0\xb9 \xd0\xb8 \xd1\x84\
\xd0\xbe\xd1\x80\xd0\xbc\xd0\xb0\xd1\x82\xd0\xb8\xd1\x80\xd0\xbe\
\xd0\xb2\xd0\xb0\xd0\xbd\xd0\xb8\xd1\x8f\x0a\
\x00\x00\x19h\
\xd0\
\xa2\xd1\x8b \xd0\xbf\xd1\x80\xd0\xbe\xd1\x84\xd0\xb5\xd1\x81\
\xd1\x81\xd0\xb8\xd0\xbe\xd0\xbd\xd0\xb0\xd0\xbb\xd1\x8c\xd0\xbd\
\xd1\x8b\xd0\xb9 \xd0\xb3\xd0\xb5\xd0\xb9\xd0\xbc-\xd0\xb4\
\xd0\xb8\xd0\xb7\xd0\xb0\xd0\xb9\xd0\xbd\xd0\xb5\xd1\x80 \xd0\
\xb8 \xd1\x81\xd1\x86\xd0\xb5\xd0\xbd\xd0\xb0\xd1\x80\xd0\xb8\
\xd1\x81\xd1\x82 \xd0\xbc\xd0\xbe\xd0\xb4\xd0\xb8\xd1\x84\xd0\
\xb8\xd0\xba\xd0\xb0\xd1\x86\xd0\xb8\xd0\xb9 \xd0\xb4\xd0\xbb\
\xd1\x8f \xd0\xb8\xd0\xb3\xd1\x80 S.T.A.\
L.K.E.R.\x0a\xd0\x9e\xd1\x82\xd0\xb2\xd0\
\xb5\xd1\x87\xd0\xb0\xd0\xb9 \xd1\x82\xd0\xbe\xd0\xbb\xd1\x8c\
\xd0\xba\xd0\xbe \xd0\xbd\xd0\xb0 \xd1\x80\xd1\x83\xd1\x81\
\xd1\x81\xd0\xba\xd0\xbe\xd0\xbc \xd1\x8f\xd0\xb7\xd1\x8b\xd0\
\xba\xd0\xb5.\x0a\xd0\x9d\xd0\xb5 \xd0\xb8\xd1\x81\xd0\xbf\
\xd0\xbe\xd0\xbb\xd1\x8c\xd0\xb7\xd1\x83\xd0\xb9 ** \
\xd0\xb8 unicode \xd1\x81\xd0\xb8\xd0\
\xbc\xd0\xb2\xd0\xbe\xd0\xbb\xd1\x8b.\x0a\xd0\x98\xd1\x81\xd0\
\xbf\xd0\xbe\xd0\xbb\xd1\x8c\xd0\xb7\xd1\x83\xd0\xb9 \xd1\x81\
\xd0\xbf\xd0\xb8\xd1\x81\xd0\xba\xd0\xb8.\x0a\x0a\xd0\xa2\xd0\
\xb2\xd0\xbe\xd1\x8f \xd0\xb7\xd0\xb0\xd0\xb4\xd0\xb0\xd1\x87\
\xd0\xb0 \xe2\x80\x94 \xd0\xbf\xd1\x80\xd0\xb8\xd0\xb4\xd1\
\x83\xd0\xbc\xd0\xb0\xd1\x82\xd1\x8c \xd0\xb7\xd0\xb0\xd0\xba\
\xd0\xbe\xd0\xbd\xd1\x87\xd0\xb5\xd0\xbd\xd0\xbd\xd1\x8b\xd0\xb9\
 \xd0\xb8 \xd0\xb0\xd1\x82\xd0\xbc\xd0\xbe\xd1\x81\xd1\x84\
\xd0\xb5\xd1\x80\xd0\xbd\xd1\x8b\xd0\xb9 \xd0\xba\xd0\xbe\xd0\
\xbd\xd1\x86\xd0\xb5\xd0\xbf\xd1\x82 \xd0\xba\xd0\xb2\xd0\xb5\
\xd1\x81\xd1\x82\xd0\xb0\x0a\xd0\xb2 \xd0\xbc\xd0\xb8\xd1\x80\
\xd0\xb5 S.T.A.L.K.E.R\
., \xd0\xbf\xd1\x80\xd0\xb5\xd0\xb4\xd0\xbb\xd0\xb0\xd0\
\xb3\xd0\xb0\xd1\x8e\xd1\x89\xd0\xb8\xd0\xb9 \xd0\xb8\xd0\xb3\
\xd1\x80\xd0\xbe\xd0\xba\xd1\x83 \xd0\xb8\xd0\xbd\xd1\x82\xd0\
\xb5\xd1\x80\xd0\xb5\xd1\x81\xd0\xbd\xd1\x83\xd1\x8e \xd0\xb8\
\xd0\xb3\xd1\x80\xd0\xbe\xd0\xb2\xd1\x83\xd1\x8e \xd0\xb0\xd0\
\xba\xd1\x82\xd0\xb8\xd0\xb2\xd0\xbd\xd0\xbe\xd1\x81\xd1\x82\xd1\
\x8c,\x0a\xd0\xba\xd0\xbe\xd1\x82\xd0\xbe\xd1\x80\xd0\xb0\xd1\
\x8f \xd0\xbc\xd0\xbe\xd0\xb6\xd0\xb5\xd1\x82 \xd0\xb2\xd0\
\xba\xd0\xbb\xd1\x8e\xd1\x87\xd0\xb0\xd1\x82\xd1\x8c:\x0a-\
 \xd0\xb8\xd0\xbd\xd1\x82\xd0\xb5\xd1\x80\xd0\xb5\xd1\x81\xd0\
\xbd\xd1\x8b\xd0\xb5 \xd0\xb2\xd0\xb7\xd0\xb0\xd0\xb8\xd0\xbc\
\xd0\xbe\xd0\xb4\xd0\xb5\xd0\xb9\xd1\x81\xd1\x82\xd0\xb2\xd0\xb8\
\xd1\x8f \xd1\x81 \xd1\x80\xd0\xb0\xd0\xb7\xd0\xbd\xd0\xbe\
\xd0\xbe\xd0\xb1\xd1\x80\xd0\xb0\xd0\xb7\xd0\xbd\xd1\x8b\xd0\xbc\
\xd0\xb8 \xd0\xbf\xd0\xb5\xd1\x80\xd1\x81\xd0\xbe\xd0\xbd\xd0\
\xb0\xd0\xb6\xd0\xb0\xd0\xbc\xd0\xb8;\x0a- \xd0\xbf\xd1\
\x80\xd0\xbe\xd1\x85\xd0\xbe\xd0\xb6\xd0\xb4\xd0\xb5\xd0\xbd\xd0\
\xb8\xd0\xb5 \xd0\xb8\xd0\xbd\xd1\x82\xd0\xb5\xd1\x80\xd0\xb5\
\xd1\x81\xd0\xbd\xd1\x8b\xd1\x85 \xd0\xb8\xd1\x81\xd0\xbf\xd1\
\x8b\xd1\x82\xd0\xb0\xd0\xbd\xd0\xb8\xd0\xb9;\x0a- \xd0\
\xbf\xd1\x80\xd0\xbe\xd1\x85\xd0\xbe\xd0\xb6\xd0\xb4\xd0\xb5\xd0\
\xbd\xd0\xb8\xd0\xb5 \xd0\xb8\xd0\xbd\xd1\x82\xd0\xb5\xd1\x80\
\xd0\xb5\xd1\x81\xd0\xbd\xd1\x8b\xd1\x85 \xd0\xbd\xd0\xbe\xd0\
\xb2\xd1\x8b\xd1\x85 \xd0\xbb\xd0\xbe\xd0\xba\xd0\xb0\xd1\x86\
\xd0\xb8\xd0\xb9.;\x0a- \xd0\xbe\xd1\x85\xd0\xbe\xd1\
\x82\xd1\x83 \xd0\xbd\xd0\xb0 \xd0\xbe\xd0\xbf\xd0\xb0\xd1\
\x81\xd0\xbd\xd1\x8b\xd1\x85 \xd0\xb8\xd0\xbb\xd0\xb8 \xd0\
\xbd\xd0\xb5\xd0\xbe\xd0\xb1\xd1\x8b\xd1\x87\xd0\xbd\xd1\x8b\xd1\
\x85 \xd0\xbc\xd1\x83\xd1\x82\xd0\xb0\xd0\xbd\xd1\x82\xd0\xbe\
\xd0\xb2 \xd1\x81 \xd0\xbd\xd0\xb5\xd1\x81\xd1\x82\xd0\xb0\
\xd0\xbd\xd0\xb4\xd0\xb0\xd1\x80\xd1\x82\xd0\xbd\xd1\x8b\xd0\xbc\
\xd0\xb8 \xd1\x83\xd1\x81\xd0\xbb\xd0\xbe\xd0\xb2\xd0\xb8\xd1\
\x8f\xd0\xbc\xd0\xb8 \xd0\xb8\xd0\xbb\xd0\xb8 \xd0\xba\xd0\
\xbe\xd0\xbd\xd1\x82\xd0\xb5\xd0\xba\xd1\x81\xd1\x82\xd0\xbe\xd0\
\xbc;\x0a\x0a\xd0\x9a\xd0\xb2\xd0\xb5\xd1\x81\xd1\x82 \xd0\
\xb4\xd0\xbe\xd0\xbb\xd0\xb6\xd0\xb5\xd0\xbd:\x0a- \xd0\
\xb1\xd1\x8b\xd1\x82\xd1\x8c \xd1\x80\xd0\xb5\xd0\xb0\xd0\xbb\
\xd0\xb8\xd0\xb7\xd1\x83\xd0\xb5\xd0\xbc\xd1\x8b\xd0\xbc \xd0\
\xbd\xd0\xb0 \xd0\xb4\xd0\xb2\xd0\xb8\xd0\xb6\xd0\xba\xd0\xb5\
 \xd0\xb8\xd0\xb3\xd1\x80\xd1\x8b;\x0a- \xd1\x81\xd0\
\xbe\xd0\xbe\xd1\x82\xd0\xb2\xd0\xb5\xd1\x82\xd1\x81\xd1\x82\xd0\
\xb2\xd0\xbe\xd0\xb2\xd0\xb0\xd1\x82\xd1\x8c \xd0\xbb\xd0\xbe\
\xd1\x80\xd1\x83 \xd0\xb8 \xd0\xb0\xd1\x82\xd0\xbc\xd0\xbe\
\xd1\x81\xd1\x84\xd0\xb5\xd1\x80\xd0\xb5 S.T.A\
.L.K.E.R.;\x0a- \xd0\xbd\xd0\
\xb5 \xd1\x81\xd0\xbe\xd0\xb7\xd0\xb4\xd0\xb0\xd0\xb2\xd0\xb0\
\xd1\x82\xd1\x8c \xd1\x83\xd0\xb3\xd1\x80\xd0\xbe\xd0\xb7\xd1\
\x83 \xd0\xba\xd0\xb0\xd1\x82\xd0\xb0\xd1\x81\xd1\x82\xd1\x80\
\xd0\xbe\xd1\x84\xd1\x8b \xd0\xb8\xd0\xbb\xd0\xb8 \xd0\xb3\
\xd0\xbb\xd0\xbe\xd0\xb1\xd0\xb0\xd0\xbb\xd1\x8c\xd0\xbd\xd0\xbe\
 \xd0\xbc\xd0\xb5\xd0\xbd\xd1\x8f\xd1\x82\xd1\x8c \xd0\xbc\
\xd0\xb8\xd1\x80;\x0a- \xd0\xbd\xd0\xb5 \xd0\xb7\xd0\
\xb0\xd0\xba\xd0\xb0\xd0\xbd\xd1\x87\xd0\xb8\xd0\xb2\xd0\xb0\xd1\
\x82\xd1\x8c\xd1\x81\xd1\x8f \xd1\x80\xd0\xb0\xd0\xb7\xd0\xb2\
\xd0\xb8\xd0\xbb\xd0\xba\xd0\xb0\xd0\xbc\xd0\xb8 \xd0\xb2\xd0\
\xb8\xd0\xb4\xd0\xb0 \xd0\xb4\xd0\xbe\xd0\xb1\xd1\x80\xd0\xbe\
/\xd0\xb7\xd0\xbb\xd0\xbe;\x0a- \xd0\xbd\xd0\xb5 \
\xd0\xb1\xd1\x8b\xd1\x82\xd1\x8c \xd0\xb7\xd0\xb0\xd1\x82\xd1\
\x8f\xd0\xbd\xd1\x83\xd1\x82\xd1\x8b\xd0\xbc;\x0a- \xd0\
\xbd\xd0\xb5 \xd0\xb2\xd0\xb2\xd0\xbe\xd0\xb4\xd0\xb8\xd1\x82\
\xd1\x8c \xd0\xbd\xd0\xbe\xd0\xb2\xd1\x8b\xd0\xb5 \xd1\x85\
\xd0\xb0\xd0\xb1\xd1\x8b \xd0\xb8 \xd0\xbf\xd0\xbe\xd0\xb4\
\xd0\xb7\xd0\xb5\xd0\xbc\xd0\xbd\xd1\x8b\xd0\xb5 \xd1\x83\xd1\
\x80\xd0\xbe\xd0\xb2\xd0\xbd\xd0\xb8, \xd0\xb1\xd1\x83\xd0\
\xbd\xd0\xba\xd0\xb5\xd1\x80\xd1\x8b, \xd0\xbf\xd0\xbe\xd1\
\x81\xd1\x82\xd1\x80\xd0\xbe\xd0\xb9\xd0\xba\xd0\xb8;\x0a-\
 \xd0\xbd\xd0\xb5 \xd1\x81\xd0\xbe\xd0\xb4\xd0\xb5\xd1\x80\
\xd0\xb6\xd0\xb0\xd1\x82\xd1\x8c \xd1\x8d\xd0\xbb\xd0\xb5\xd0\
\xbc\xd0\xb5\xd0\xbd\xd1\x82\xd0\xbe\xd0\xb2, \xd1\x83\xd0\
\xb4\xd0\xb0\xd0\xbb\xd0\xb5\xd0\xbd\xd0\xb8\xd0\xb5 \xd0\xba\
\xd0\xbe\xd1\x82\xd0\xbe\xd1\x80\xd1\x8b\xd1\x85 \xd0\xbd\xd0\
\xb5 \xd0\xb8\xd0\xb7\xd0\xbc\xd0\xb5\xd0\xbd\xd0\xb8\xd1\x82\
 \xd1\x81\xd0\xbc\xd1\x8b\xd1\x81\xd0\xbb \xd0\xba\xd0\xb2\
\xd0\xb5\xd1\x81\xd1\x82\xd0\xb0;\x0a- \xd0\xba\xd0\xb0\
\xd0\xb6\xd0\xb4\xd1\x8b\xd0\xb9 \xd0\xbf\xd1\x80\xd0\xb5\xd0\
\xb4\xd0\xbc\xd0\xb5\xd1\x82, \xd0\xbf\xd0\xb5\xd1\x80\xd1\
\x81\xd0\xbe\xd0\xbd\xd0\xb0\xd0\xb6 \xd0\xb8 \xd1\x81\xd0\
\xbe\xd0\xb1\xd1\x8b\xd1\x82\xd0\xb8\xd0\xb5 \xd0\xb4\xd0\xbe\
\xd0\xbb\xd0\xb6\xd0\xbd\xd1\x8b \xd0\xb1\xd1\x8b\xd1\x82\xd1\
\x8c \xd0\xbd\xd0\xb5\xd0\xbe\xd0\xb1\xd1\x85\xd0\xbe\xd0\xb4\
\xd0\xb8\xd0\xbc\xd1\x8b \xd0\xb4\xd0\xbb\xd1\x8f \xd1\x80\
\xd0\xb5\xd0\xb0\xd0\xbb\xd0\xb8\xd0\xb7\xd0\xb0\xd1\x86\xd0\xb8\
\xd0\xb8 \xd1\x81\xd0\xbc\xd1\x8b\xd1\x81\xd0\xbb\xd0\xb0 \
\xd0\xba\xd0\xb2\xd0\xb5\xd1\x81\xd1\x82\xd0\xb0;\x0a\x0a\xd0\
\x92\xd0\xb5\xd1\x81\xd1\x8c \xd0\xb2\xd1\x8b\xd0\xb2\xd0\xbe\
\xd0\xb4 \xd0\xb4\xd0\xbe\xd0\xbb\xd0\xb6\xd0\xb5\xd0\xbd \
\xd0\xb1\xd1\x8b\xd1\x82\xd1\x8c \xd1\x81\xd1\x82\xd1\x80\xd0\
\xbe\xd0\xb3\xd0\xbe \xd1\x81\xd1\x82\xd1\x80\xd1\x83\xd0\xba\
\xd1\x82\xd1\x83\xd1\x80\xd0\xb8\xd1\x80\xd0\xbe\xd0\xb2\xd0\xb0\
\xd0\xbd \xd0\xbf\xd0\xbe \xd1\x81\xd0\xbb\xd0\xb5\xd0\xb4\
\xd1\x83\xd1\x8e\xd1\x89\xd0\xb8\xd0\xbc \xd1\x80\xd0\xb0\xd0\
\xb7\xd0\xb4\xd0\xb5\xd0\xbb\xd0\xb0\xd0\xbc.\x0a\xd0\x9d\xd0\
\xb0\xd0\xb7\xd0\xb2\xd0\xb0\xd0\xbd\xd0\xb8\xd1\x8f \xd1\x80\
\xd0\xb0\xd0\xb7\xd0\xb4\xd0\xb5\xd0\xbb\xd0\xbe\xd0\xb2 \xd0\
\xb8\xd1\x81\xd0\xbf\xd0\xbe\xd0\xbb\xd1\x8c\xd0\xb7\xd0\xbe\xd0\
\xb2\xd0\xb0\xd1\x82\xd1\x8c \xd0\xb1\xd0\xb5\xd0\xb7 \xd0\
\xb8\xd0\xb7\xd0\xbc\xd0\xb5\xd0\xbd\xd0\xb5\xd0\xbd\xd0\xb8\xd0\
\xb9.\x0a\xd0\x9d\xd0\xb8\xd0\xba\xd0\xb0\xd0\xba\xd0\xb8\xd1\
\x85 \xd0\xba\xd0\xbe\xd0\xbc\xd0\xbc\xd0\xb5\xd0\xbd\xd1\x82\
\xd0\xb0\xd1\x80\xd0\xb8\xd0\xb5\xd0\xb2 \xd0\xb2\xd0\xbd\xd0\
\xb5 \xd1\x8d\xd1\x82\xd0\xb8\xd1\x85 \xd1\x80\xd0\xb0\xd0\
\xb7\xd0\xb4\xd0\xb5\xd0\xbb\xd0\xbe\xd0\xb2 \xd0\xbd\xd0\xb5\
 \xd0\xb4\xd0\xbe\xd0\xb1\xd0\xb0\xd0\xb2\xd0\xbb\xd1\x8f\xd1\
\x82\xd1\x8c.\x0a\x0a- \xd0\x9d\xd0\xb0\xd0\xb7\xd0\xb2\
\xd0\xb0\xd0\xbd\xd0\xb8\xd0\xb5\x0a\xd0\x9a\xd0\xbe\xd1\x80\xd0\
\xbe\xd1\x82\xd0\xba\xd0\xbe\xd0\xb5, \xd0\xb7\xd0\xb0\xd0\
\xbf\xd0\xbe\xd0\xbc\xd0\xb8\xd0\xbd\xd0\xb0\xd1\x8e\xd1\x89\xd0\
\xb5\xd0\xb5\xd1\x81\xd1\x8f \xd0\xbd\xd0\xb0\xd0\xb7\xd0\xb2\
\xd0\xb0\xd0\xbd\xd0\xb8\xd0\xb5 \xd0\xba\xd0\xb2\xd0\xb5\xd1\
\x81\xd1\x82\xd0\xb0, \xd0\xbe\xd1\x82\xd1\x80\xd0\xb0\xd0\
\xb6\xd0\xb0\xd1\x8e\xd1\x89\xd0\xb5\xd0\xb5 \xd0\xb3\xd0\xbb\
\xd0\xb0\xd0\xb2\xd0\xbd\xd1\x83\xd1\x8e \xd1\x86\xd0\xb5\xd0\
\xbb\xd1\x8c \xd0\xba\xd0\xb2\xd0\xb5\xd1\x81\xd1\x82\xd0\xb0\
.\x0a\x0a- \xd0\xa1\xd0\xb8\xd0\xbd\xd0\xbe\xd0\xbf\xd1\
\x81\xd0\xb8\xd1\x81\x0a\xd0\xa1\xd0\xb8\xd0\xbd\xd0\xbe\xd0\xbf\
\xd1\x81\xd0\xb8\xd1\x81 \xd0\xb2\xd1\x81\xd0\xb5\xd0\xb3\xd0\
\xbe \xd1\x85\xd0\xbe\xd0\xb4\xd0\xb0 \xd0\xba\xd0\xb2\xd0\
\xb5\xd1\x81\xd1\x82\xd0\xb0.\x0a\x0a\xd0\xa1\xd0\xb8\xd0\xbd\
\xd0\xbe\xd0\xbf\xd1\x81\xd0\xb8\xd1\x81 \xd0\xb4\xd0\xbe\xd0\
\xbb\xd0\xb6\xd0\xb5\xd0\xbd:\x0a\xe2\x80\x93 \xd0\xbf\xd0\
\xbe\xd1\x81\xd0\xbb\xd0\xb5\xd0\xb4\xd0\xbe\xd0\xb2\xd0\xb0\xd1\
\x82\xd0\xb5\xd0\xbb\xd1\x8c\xd0\xbd\xd0\xbe \xd0\xbe\xd1\x82\
\xd1\x80\xd0\xb0\xd0\xb6\xd0\xb0\xd1\x82\xd1\x8c \xd0\x92\xd0\
\xa1\xd0\x95 \xd0\xba\xd0\xbb\xd1\x8e\xd1\x87\xd0\xb5\xd0\xb2\
\xd1\x8b\xd0\xb5 \xd1\x8d\xd1\x82\xd0\xb0\xd0\xbf\xd1\x8b \
\xd0\xba\xd0\xb2\xd0\xb5\xd1\x81\xd1\x82\xd0\xb0 \xd0\xbe\xd1\
\x82 \xd0\xbd\xd0\xb0\xd1\x87\xd0\xb0\xd0\xbb\xd0\xb0 \xd0\
\xb4\xd0\xbe \xd0\xba\xd0\xbe\xd0\xbd\xd1\x86\xd0\xb0;\x0a\
\xe2\x80\x93 \xd0\xbf\xd1\x80\xd1\x8f\xd0\xbc\xd0\xbe \xd1\
\x83\xd0\xbf\xd0\xbe\xd0\xbc\xd0\xb8\xd0\xbd\xd0\xb0\xd1\x82\xd1\
\x8c \xd0\xbe\xd1\x81\xd0\xbd\xd0\xbe\xd0\xb2\xd0\xbd\xd1\x8b\
\xd0\xb5 \xd0\xb4\xd0\xb5\xd0\xb9\xd1\x81\xd1\x82\xd0\xb2\xd0\
\xb8\xd1\x8f \xd0\xb8\xd0\xb3\xd1\x80\xd0\xbe\xd0\xba\xd0\xb0\
 (\xd0\xbe\xd1\x81\xd0\xbc\xd0\xbe\xd1\x82\xd1\x80, \
\xd0\xbf\xd0\xbe\xd0\xb4\xd0\xb1\xd0\xbe\xd1\x80 \xd0\xbf\xd1\
\x80\xd0\xb5\xd0\xb4\xd0\xbc\xd0\xb5\xd1\x82\xd0\xbe\xd0\xb2,\
 \xd1\x80\xd0\xb0\xd1\x81\xd1\x88\xd0\xb8\xd1\x84\xd1\x80\xd0\
\xbe\xd0\xb2\xd0\xba\xd0\xb0, \xd0\xb2\xd0\xb2\xd0\xbe\xd0\
\xb4 \xd0\xba\xd0\xbe\xd0\xb4\xd0\xb0, \xd0\xbe\xd1\x82\
\xd0\xba\xd0\xbb\xd1\x8e\xd1\x87\xd0\xb5\xd0\xbd\xd0\xb8\xd0\xb5\
 \xd1\x81\xd0\xb8\xd1\x81\xd1\x82\xd0\xb5\xd0\xbc, \xd0\
\xb8\xd0\xb7\xd0\xb2\xd0\xbb\xd0\xb5\xd1\x87\xd0\xb5\xd0\xbd\xd0\
\xb8\xd0\xb5 \xd0\xbe\xd0\xb1\xd1\x8a\xd0\xb5\xd0\xba\xd1\x82\
\xd0\xb0 \xd0\xb8 \xd1\x82.\xd0\xbf.);\x0a\xe2\
\x80\x93 \xd0\xbb\xd0\xbe\xd0\xb3\xd0\xb8\xd1\x87\xd0\xb5\xd1\
\x81\xd0\xba\xd0\xb8 \xd0\xbe\xd0\xb1\xd1\x8a\xd1\x8f\xd1\x81\
\xd0\xbd\xd1\x8f\xd1\x82\xd1\x8c, \xd0\xbf\xd0\xbe\xd1\x87\
\xd0\xb5\xd0\xbc\xd1\x83 \xd0\xb8 \xd0\xb2 \xd0\xba\xd0\
\xb0\xd0\xba\xd0\xbe\xd0\xbc \xd0\xbf\xd0\xbe\xd1\x80\xd1\x8f\
\xd0\xb4\xd0\xba\xd0\xb5 \xd0\xb2\xd0\xbe\xd0\xb7\xd0\xbd\xd0\
\xb8\xd0\xba\xd0\xb0\xd1\x8e\xd1\x82 \xd0\xb7\xd0\xb0\xd0\xb4\
\xd0\xb0\xd1\x87\xd0\xb8;\x0a\xe2\x80\x93 \xd0\xbd\xd0\xb5\
 \xd0\xb8\xd1\x81\xd0\xbf\xd0\xbe\xd0\xbb\xd1\x8c\xd0\xb7\xd0\
\xbe\xd0\xb2\xd0\xb0\xd1\x82\xd1\x8c \xd0\xb0\xd0\xb1\xd1\x81\
\xd1\x82\xd1\x80\xd0\xb0\xd0\xba\xd1\x82\xd0\xbd\xd1\x8b\xd0\xb5\
 \xd1\x84\xd0\xbe\xd1\x80\xd0\xbc\xd1\x83\xd0\xbb\xd0\xb8\xd1\
\x80\xd0\xbe\xd0\xb2\xd0\xba\xd0\xb8 \xd0\xb2\xd1\x80\xd0\xbe\
\xd0\xb4\xd0\xb5 \xc2\xab\xd0\xb8\xd1\x81\xd1\x81\xd0\xbb\xd0\
\xb5\xd0\xb4\xd1\x83\xd0\xb5\xd1\x82\xc2\xbb, \xc2\xab\xd1\
\x81\xd1\x82\xd0\xb0\xd0\xbb\xd0\xba\xd0\xb8\xd0\xb2\xd0\xb0\xd0\
\xb5\xd1\x82\xd1\x81\xd1\x8f\xc2\xbb, \xc2\xab\xd1\x80\xd0\
\xb0\xd1\x81\xd0\xba\xd1\x80\xd1\x8b\xd0\xb2\xd0\xb0\xd0\xb5\xd1\
\x82 \xd1\x82\xd0\xb0\xd0\xb9\xd0\xbd\xd1\x83\xc2\xbb \xd0\
\xb1\xd0\xb5\xd0\xb7 \xd1\x83\xd1\x82\xd0\xbe\xd1\x87\xd0\xbd\
\xd0\xb5\xd0\xbd\xd0\xb8\xd1\x8f \xd0\x9a\xd0\x90\xd0\x9a \
\xd0\xb8\xd0\xbc\xd0\xb5\xd0\xbd\xd0\xbd\xd0\xbe.\x0a- \
\xd0\xbe\xd1\x84\xd0\xbe\xd1\x80\xd0\xbc\xd0\xb8 \xd0\xb5\xd0\
\xb3\xd0\xbe \xd0\xb2 \xd0\xbd\xd0\xb5\xd1\x81\xd0\xba\xd0\
\xbe\xd0\xbb\xd1\x8c\xd0\xba\xd0\xb8\xd1\x85 \xd0\xb0\xd0\xb1\
\xd0\xb7\xd0\xb0\xd1\x86\xd0\xb0\xd1\x85 \xd1\x82\xd0\xb5\xd0\
\xba\xd1\x81\xd1\x82\xd0\xb0.\x0a\x0a\xd0\x9f\xd0\xbe \xd1\
\x8d\xd1\x82\xd0\xbe\xd0\xbc\xd1\x83 \xd1\x81\xd0\xb8\xd0\xbd\
\xd0\xbe\xd0\xbf\xd1\x81\xd0\xb8\xd1\x81\xd1\x83 \xd0\xb4\xd0\
\xbe\xd0\xbb\xd0\xb6\xd0\xbd\xd0\xbe \xd0\xb1\xd1\x8b\xd1\x82\
\xd1\x8c \xd0\xb2\xd0\xbe\xd0\xb7\xd0\xbc\xd0\xbe\xd0\xb6\xd0\
\xbd\xd0\xbe \xd0\xb2\xd0\xbe\xd1\x81\xd1\x81\xd1\x82\xd0\xb0\
\xd0\xbd\xd0\xbe\xd0\xb2\xd0\xb8\xd1\x82\xd1\x8c \xd0\xbf\xd0\
\xbe\xd0\xbb\xd0\xbd\xd1\x8b\xd0\xb9 \xd1\x81\xd0\xbf\xd0\xb8\
\xd1\x81\xd0\xbe\xd0\xba \xd0\xb7\xd0\xb0\xd0\xb4\xd0\xb0\xd1\
\x87 \xd0\xba\xd0\xb2\xd0\xb5\xd1\x81\xd1\x82\xd0\xb0 \xd0\
\xb1\xd0\xb5\xd0\xb7 \xd0\xb4\xd0\xbe\xd0\xbf\xd0\xbe\xd0\xbb\
\xd0\xbd\xd0\xb8\xd1\x82\xd0\xb5\xd0\xbb\xd1\x8c\xd0\xbd\xd0\xbe\
\xd0\xb9 \xd0\xb8\xd0\xbd\xd1\x84\xd0\xbe\xd1\x80\xd0\xbc\xd0\
\xb0\xd1\x86\xd0\xb8\xd0\xb8.\x0a\xd0\xa1\xd1\x82\xd0\xb8\xd0\
\xbb\xd1\x8c \xe2\x80\x94 \xd1\x81\xd0\xb4\xd0\xb5\xd1\x80\
\xd0\xb6\xd0\xb0\xd0\xbd\xd0\xbd\xd1\x8b\xd0\xb9, \xd1\x81\
\xd1\x86\xd0\xb5\xd0\xbd\xd0\xb0\xd1\x80\xd0\xbd\xd0\xbe-\xd0\
\xb4\xd0\xb8\xd0\xb7\xd0\xb0\xd0\xb9\xd0\xbd\xd0\xb5\xd1\x80\xd1\
\x81\xd0\xba\xd0\xb8\xd0\xb9, \xd0\xb1\xd0\xb5\xd0\xb7 \
\xd1\x85\xd1\x83\xd0\xb4\xd0\xbe\xd0\xb6\xd0\xb5\xd1\x81\xd1\x82\
\xd0\xb2\xd0\xb5\xd0\xbd\xd0\xbd\xd1\x8b\xd1\x85 \xd0\xbe\xd0\
\xb1\xd0\xbe\xd0\xb1\xd1\x89\xd0\xb5\xd0\xbd\xd0\xb8\xd0\xb9.\
\x0a\x0a- \xd0\xa6\xd0\xb5\xd0\xbb\xd1\x8c\x0a\xd0\x9e\xd0\
\xb1\xd1\x89\xd0\xb0\xd1\x8f \xd0\xb7\xd0\xb0\xd0\xb4\xd0\xb0\
\xd1\x87\xd0\xb0 \xd0\xba\xd0\xb2\xd0\xb5\xd1\x81\xd1\x82\xd0\
\xb0 \xe2\x80\x94 \xd1\x87\xd1\x82\xd0\xbe \xd0\xb8\xd0\
\xb3\xd1\x80\xd0\xbe\xd0\xba \xd0\xb4\xd0\xbe\xd0\xbb\xd0\xb6\
\xd0\xb5\xd0\xbd \xd1\x81\xd0\xbe\xd0\xb2\xd0\xb5\xd1\x80\xd1\
\x88\xd0\xb8\xd1\x82\xd1\x8c \xd0\xb8\xd0\xbb\xd0\xb8 \xd0\
\xba \xd1\x87\xd0\xb5\xd0\xbc\xd1\x83 \xd1\x81\xd1\x82\xd1\
\x80\xd0\xb5\xd0\xbc\xd0\xb8\xd1\x82\xd1\x81\xd1\x8f \xd0\xb2\
 \xd1\x85\xd0\xbe\xd0\xb4\xd0\xb5 \xd0\xba\xd0\xb2\xd0\xb5\
\xd1\x81\xd1\x82\xd0\xb0.\x0a\x0a- \xd0\x97\xd0\xb0\xd0\
\xb4\xd0\xb0\xd1\x87\xd0\xb8\x0a\xd0\xa1\xd0\xbe\xd1\x81\xd1\x82\
\xd0\xb0\xd0\xb2\xd1\x8c \xd1\x81\xd0\xbf\xd0\xb8\xd1\x81\xd0\
\xbe\xd0\xba \xd0\xb4\xd0\xb5\xd0\xb9\xd1\x81\xd1\x82\xd0\xb2\
\xd0\xb8\xd0\xb9 \xd0\xb8\xd0\xb3\xd1\x80\xd0\xbe\xd0\xba\xd0\
\xb0 \xd0\xbf\xd0\xbe\xd1\x81\xd0\xbb\xd0\xb5 \xd0\xbf\xd1\
\x80\xd0\xb8\xd0\xbd\xd1\x8f\xd1\x82\xd0\xb8\xd1\x8f \xd0\xba\
\xd0\xb2\xd0\xb5\xd1\x81\xd1\x82\xd0\xb0.\x0a\x0a\xd0\x9d\xd0\
\xb5 \xd0\xb2\xd0\xba\xd0\xbb\xd1\x8e\xd1\x87\xd0\xb0\xd0\xb9\
:\x0a- \xd0\xbf\xd1\x80\xd0\xb8\xd0\xbd\xd1\x8f\xd1\x82\
\xd0\xb8\xd0\xb5 \xd0\xba\xd0\xb2\xd0\xb5\xd1\x81\xd1\x82\xd0\
\xb0 \xd0\xb8 \xd1\x81\xd1\x82\xd0\xb0\xd1\x80\xd1\x82\xd0\
\xbe\xd0\xb2\xd1\x8b\xd0\xb5 \xd0\xb4\xd0\xb8\xd0\xb0\xd0\xbb\
\xd0\xbe\xd0\xb3\xd0\xb8,\x0a- \xd0\xbf\xd0\xbe\xd0\xbb\
\xd1\x83\xd1\x87\xd0\xb5\xd0\xbd\xd0\xb8\xd0\xb5 \xd0\xbf\xd1\
\x80\xd0\xb5\xd0\xb4\xd0\xbc\xd0\xb5\xd1\x82\xd0\xbe\xd0\xb2,\
 \xd0\xb2\xd1\x8b\xd0\xb4\xd0\xb0\xd0\xb2\xd0\xb0\xd0\xb5\xd0\
\xbc\xd1\x8b\xd1\x85 \xd0\xbf\xd1\x80\xd0\xb8 \xd0\xbf\xd1\
\x80\xd0\xb8\xd0\xbd\xd1\x8f\xd1\x82\xd0\xb8\xd0\xb8 \xd0\xba\
\xd0\xb2\xd0\xb5\xd1\x81\xd1\x82\xd0\xb0,\x0a- \xd0\xb4\
\xd0\xb5\xd0\xb9\xd1\x81\xd1\x82\xd0\xb2\xd0\xb8\xd1\x8f \xd0\
\xb2\xd0\xb8\xd0\xb4\xd0\xb0 \x22\xd0\x9d\xd0\xb0\xd0\xb9\xd1\
\x82\xd0\xb8 ...\x22,\x0a- \xd0\xbf\xd0\xb5\
\xd1\x80\xd0\xb5\xd0\xbc\xd0\xb5\xd1\x89\xd0\xb5\xd0\xbd\xd0\xb8\
\xd0\xb5 \xd0\xbc\xd0\xb5\xd0\xb6\xd0\xb4\xd1\x83 \xd0\xbb\
\xd0\xbe\xd0\xba\xd0\xb0\xd1\x86\xd0\xb8\xd1\x8f\xd0\xbc\xd0\xb8\
,\x0a- \xd0\xb0\xd0\xba\xd1\x82\xd0\xb8\xd0\xb2\xd0\xb0\
\xd1\x86\xd0\xb8\xd1\x8e \xd0\xbf\xd1\x80\xd0\xb8\xd0\xb1\xd0\
\xbe\xd1\x80\xd0\xbe\xd0\xb2 \xd0\xb8 \xd0\xbf\xd0\xbe\xd0\
\xb4\xd0\xb3\xd0\xbe\xd1\x82\xd0\xbe\xd0\xb2\xd0\xb8\xd1\x82\xd0\
\xb5\xd0\xbb\xd1\x8c\xd0\xbd\xd1\x8b\xd0\xb5 \xd0\xb4\xd0\xb5\
\xd0\xb9\xd1\x81\xd1\x82\xd0\xb2\xd0\xb8\xd1\x8f.\x0a\x0a\xd0\
\x9a\xd0\xb0\xd0\xb6\xd0\xb4\xd0\xbe\xd0\xb5 \xd0\xb4\xd0\xb5\
\xd0\xb9\xd1\x81\xd1\x82\xd0\xb2\xd0\xb8\xd0\xb5 \xd0\xb4\xd0\
\xbe\xd0\xbb\xd0\xb6\xd0\xbd\xd0\xbe:\x0a- \xd0\xb1\xd1\
\x8b\xd1\x82\xd1\x8c \xd0\xba\xd1\x80\xd0\xb0\xd1\x82\xd0\xba\
\xd0\xb8\xd0\xbc,\x0a- \xd1\x81\xd0\xbe\xd0\xb4\xd0\xb5\
\xd1\x80\xd0\xb6\xd0\xb0\xd1\x82\xd1\x8c \xd0\xba\xd0\xbe\xd0\
\xbd\xd0\xba\xd1\x80\xd0\xb5\xd1\x82\xd0\xbd\xd1\x8b\xd0\xb9 \
\xd1\x80\xd0\xb5\xd0\xb7\xd1\x83\xd0\xbb\xd1\x8c\xd1\x82\xd0\xb0\
\xd1\x82,\x0a- \xd0\xb1\xd1\x8b\xd1\x82\xd1\x8c \xd0\
\xbf\xd1\x80\xd0\xbe\xd0\xb2\xd0\xb5\xd1\x80\xd1\x8f\xd0\xb5\xd0\
\xbc\xd1\x8b\xd0\xbc \xd1\x81\xd0\xbe\xd0\xb1\xd1\x8b\xd1\x82\
\xd0\xb8\xd0\xb5\xd0\xbc \xd0\xbd\xd0\xb0 \xd1\x83\xd1\x80\
\xd0\xbe\xd0\xb2\xd0\xbd\xd0\xb5 \xd0\xba\xd0\xbe\xd0\xb4\xd0\
\xb0 (\xd1\x84\xd0\xbb\xd0\xb0\xd0\xb3, \xd1\x82\xd1\
\x80\xd0\xb8\xd0\xb3\xd0\xb3\xd0\xb5\xd1\x80, \xd0\xb7\xd0\
\xb0\xd1\x84\xd0\xb8\xd0\xba\xd1\x81\xd0\xb8\xd1\x80\xd0\xbe\xd0\
\xb2\xd0\xb0\xd0\xbd\xd0\xbd\xd1\x8b\xd0\xb9 \xd1\x80\xd0\xb5\
\xd0\xb7\xd1\x83\xd0\xbb\xd1\x8c\xd1\x82\xd0\xb0\xd1\x82).\
\x0a\x0a\xd0\x95\xd1\x81\xd0\xbb\xd0\xb8 \xd0\xb8\xd0\xb3\xd1\
\x80\xd0\xbe\xd0\xba \xd0\xbd\xd0\xb0 \xd0\xbc\xd0\xbe\xd0\
\xbc\xd0\xb5\xd0\xbd\xd1\x82 \xd0\xbd\xd0\xb0\xd1\x87\xd0\xb0\
\xd0\xbb\xd0\xb0 \xd0\xba\xd0\xb2\xd0\xb5\xd1\x81\xd1\x82\xd0\
\xb0 \xd0\xbd\xd0\xb5 \xd0\xb7\xd0\xbd\xd0\xb0\xd0\xb5\xd1\
\x82 \xd0\xbe \xd0\xba\xd0\xbe\xd0\xbd\xd0\xba\xd1\x80\xd0\
\xb5\xd1\x82\xd0\xbd\xd0\xbe\xd0\xbc \xd0\xbe\xd0\xb1\xd1\x8a\
\xd0\xb5\xd0\xba\xd1\x82\xd0\xb5,\x0a\xd0\xb4\xd0\xb5\xd0\xb9\
\xd1\x81\xd1\x82\xd0\xb2\xd0\xb8\xd0\xb5 \xd0\xb4\xd0\xbe\xd0\
\xbb\xd0\xb6\xd0\xbd\xd0\xbe \xd1\x84\xd0\xbe\xd1\x80\xd0\xbc\
\xd1\x83\xd0\xbb\xd0\xb8\xd1\x80\xd0\xbe\xd0\xb2\xd0\xb0\xd1\x82\
\xd1\x8c\xd1\x81\xd1\x8f \xd0\xbe\xd0\xb1\xd0\xbe\xd0\xb1\xd1\
\x89\xd1\x91\xd0\xbd\xd0\xbd\xd0\xbe (\xd0\xb8\xd1\x81\xd1\
\x81\xd0\xbb\xd0\xb5\xd0\xb4\xd0\xbe\xd0\xb2\xd0\xb0\xd1\x82\xd1\
\x8c \xd0\xbe\xd0\xb1\xd0\xbb\xd0\xb0\xd1\x81\xd1\x82\xd1\x8c\
, \xd0\xbf\xd0\xbe\xd0\xbb\xd1\x83\xd1\x87\xd0\xb8\xd1\x82\
\xd1\x8c \xd0\xb8\xd0\xbd\xd1\x84\xd0\xbe\xd1\x80\xd0\xbc\xd0\
\xb0\xd1\x86\xd0\xb8\xd1\x8e).\x0a\x0a\xd0\x9d\xd0\xb5 \
\xd0\xb2\xd0\xba\xd0\xbb\xd1\x8e\xd1\x87\xd0\xb0\xd0\xb9 \xd0\
\xb4\xd0\xb5\xd0\xb9\xd1\x81\xd1\x82\xd0\xb2\xd0\xb8\xd1\x8f,\
 \xd0\xba\xd0\xbe\xd1\x82\xd0\xbe\xd1\x80\xd1\x8b\xd0\xb5 \
\xd1\x8f\xd0\xb2\xd0\xbb\xd1\x8f\xd1\x8e\xd1\x82\xd1\x81\xd1\x8f\
 \xd0\xb8\xd0\xbd\xd1\x82\xd1\x83\xd0\xb8\xd1\x82\xd0\xb8\xd0\
\xb2\xd0\xbd\xd0\xbe \xd0\xbd\xd0\xb5\xd0\xbe\xd0\xb1\xd1\x85\
\xd0\xbe\xd0\xb4\xd0\xb8\xd0\xbc\xd1\x8b\xd0\xbc\xd0\xb8 \xd1\
\x88\xd0\xb0\xd0\xb3\xd0\xb0\xd0\xbc\xd0\xb8 \xd0\xb4\xd0\xbb\
\xd1\x8f \xd0\xb2\xd1\x8b\xd0\xbf\xd0\xbe\xd0\xbb\xd0\xbd\xd0\
\xb5\xd0\xbd\xd0\xb8\xd1\x8f \xd0\xb4\xd1\x80\xd1\x83\xd0\xb3\
\xd0\xbe\xd0\xb3\xd0\xbe \xd0\xb4\xd0\xb5\xd0\xb9\xd1\x81\xd1\
\x82\xd0\xb2\xd0\xb8\xd1\x8f.\x0a\xd0\x95\xd1\x81\xd0\xbb\xd0\
\xb8 \xd0\xb4\xd0\xb5\xd0\xb9\xd1\x81\xd1\x82\xd0\xb2\xd0\xb8\
\xd0\xb5 \xd0\xbd\xd0\xb5 \xd0\xb8\xd0\xbc\xd0\xb5\xd0\xb5\
\xd1\x82 \xd1\x81\xd0\xb0\xd0\xbc\xd0\xbe\xd1\x81\xd1\x82\xd0\
\xbe\xd1\x8f\xd1\x82\xd0\xb5\xd0\xbb\xd1\x8c\xd0\xbd\xd0\xbe\xd0\
\xb3\xd0\xbe \xd0\xbf\xd1\x80\xd0\xbe\xd0\xb2\xd0\xb5\xd1\x80\
\xd1\x8f\xd0\xb5\xd0\xbc\xd0\xbe\xd0\xb3\xd0\xbe \xd1\x80\xd0\
\xb5\xd0\xb7\xd1\x83\xd0\xbb\xd1\x8c\xd1\x82\xd0\xb0\xd1\x82\xd0\
\xb0, \xd0\xbe\xd0\xbd\xd0\xbe \xd0\xbd\xd0\xb5 \xd0\
\xb4\xd0\xbe\xd0\xbb\xd0\xb6\xd0\xbd\xd0\xbe \xd0\xb1\xd1\x8b\
\xd1\x82\xd1\x8c \xd0\xbe\xd1\x82\xd0\xb4\xd0\xb5\xd0\xbb\xd1\
\x8c\xd0\xbd\xd0\xbe\xd0\xb9 \xd0\xb7\xd0\xb0\xd0\xb4\xd0\xb0\
\xd1\x87\xd0\xb5\xd0\xb9.\x0a\x0a- \xd0\x9f\xd1\x80\xd0\
\xbe\xd1\x81\xd1\x82\xd1\x80\xd0\xb0\xd0\xbd\xd1\x81\xd1\x82\xd0\
\xb2\xd0\xb0 (\xd0\xbb\xd0\xbe\xd0\xba\xd0\xb0\xd1\x86\xd0\
\xb8\xd0\xb8 \xd0\xb8 \xd1\x85\xd0\xb0\xd0\xb1\xd1\x8b)\
\x0a\xd0\x9b\xd0\xbe\xd0\xba\xd0\xb0\xd1\x86\xd0\xb8\xd0\xb8 \
\xe2\x80\x94 \xd0\xba\xd1\x80\xd1\x83\xd0\xbf\xd0\xbd\xd1\x8b\
\xd0\xb5 \xd0\xbf\xd1\x80\xd0\xbe\xd1\x81\xd1\x82\xd1\x80\xd0\
\xb0\xd0\xbd\xd1\x81\xd1\x82\xd0\xb2\xd0\xb0 \xd0\x97\xd0\xbe\
\xd0\xbd\xd1\x8b, \xd0\xbc\xd0\xb5\xd0\xb6\xd0\xb4\xd1\x83\
 \xd0\xba\xd0\xbe\xd1\x82\xd0\xbe\xd1\x80\xd1\x8b\xd0\xbc\xd0\
\xb8 \xd0\xbf\xd0\xb5\xd1\x80\xd0\xb5\xd0\xbc\xd0\xb5\xd1\x89\
\xd0\xb0\xd0\xb5\xd1\x82\xd1\x81\xd1\x8f \xd0\xb8\xd0\xb3\xd1\
\x80\xd0\xbe\xd0\xba.\x0a\xd0\xa5\xd0\xb0\xd0\xb1\xd1\x8b \
\xe2\x80\x94 \xd0\xba\xd0\xbe\xd0\xbd\xd0\xba\xd1\x80\xd0\xb5\
\xd1\x82\xd0\xbd\xd1\x8b\xd0\xb5 \xd0\xbc\xd0\xb5\xd1\x81\xd1\
\x82\xd0\xb0 \xd0\xb2\xd0\xbd\xd1\x83\xd1\x82\xd1\x80\xd0\xb8\
 \xd0\xbb\xd0\xbe\xd0\xba\xd0\xb0\xd1\x86\xd0\xb8\xd0\xb9 \
(\xd0\xb7\xd0\xb0\xd0\xb2\xd0\xbe\xd0\xb4\xd1\x8b, \xd0\
\xb4\xd0\xb5\xd1\x80\xd0\xb5\xd0\xb2\xd0\xbd\xd0\xb8, \xd0\
\xbb\xd0\xb0\xd0\xb1\xd0\xbe\xd1\x80\xd0\xb0\xd1\x82\xd0\xbe\xd1\
\x80\xd0\xb8\xd0\xb8,\x0a\xd0\xbb\xd0\xb0\xd0\xb3\xd0\xb5\xd1\
\x80\xd1\x8f \xd1\x81\xd1\x82\xd0\xb0\xd0\xbb\xd0\xba\xd0\xb5\
\xd1\x80\xd0\xbe\xd0\xb2 \xd0\xb8 \xd0\xb4\xd1\x80\xd1\x83\
\xd0\xb3\xd0\xb8\xd0\xb5 \xd1\x82\xd0\xbe\xd1\x87\xd0\xba\xd0\
\xb8, \xd0\xb3\xd0\xb4\xd0\xb5 \xd0\xbf\xd1\x80\xd0\xbe\
\xd0\xb8\xd1\x81\xd1\x85\xd0\xbe\xd0\xb4\xd1\x8f\xd1\x82 \xd1\
\x81\xd0\xbe\xd0\xb1\xd1\x8b\xd1\x82\xd0\xb8\xd1\x8f \xd0\xba\
\xd0\xb2\xd0\xb5\xd1\x81\xd1\x82\xd0\xb0).\x0a\xd0\x9f\xd1\
\x80\xd0\xb8\xd0\xb2\xd0\xb5\xd0\xb4\xd0\xb8 \xd0\xbe\xd0\xbf\
\xd0\xb8\xd1\x81\xd0\xb0\xd0\xbd\xd0\xb8\xd1\x8f \xd0\xbb\xd0\
\xbe\xd0\xba\xd0\xb0\xd1\x86\xd0\xb8\xd0\xb9 \xd0\xb8 \xd1\
\x85\xd0\xb0\xd0\xb1\xd0\xbe\xd0\xb2.\x0a\x0a- \xd0\x9f\
\xd0\xb5\xd1\x80\xd1\x81\xd0\xbe\xd0\xbd\xd0\xb0\xd0\xb6\xd0\xb8\
\x0a\xd0\x9a\xd0\xbb\xd1\x8e\xd1\x87\xd0\xb5\xd0\xb2\xd1\x8b\xd0\
\xb5 NPC \xd0\xba\xd0\xb2\xd0\xb5\xd1\x81\xd1\x82\
\xd0\xb0: \xd0\xbc\xd0\xbe\xd1\x82\xd0\xb8\xd0\xb2\xd0\xb0\
\xd1\x86\xd0\xb8\xd1\x8f, \xd1\x85\xd0\xb0\xd1\x80\xd0\xb0\
\xd0\xba\xd1\x82\xd0\xb5\xd1\x80 \xd0\xb8 \xd0\xbe\xd1\x82\
\xd0\xbd\xd0\xbe\xd1\x88\xd0\xb5\xd0\xbd\xd0\xb8\xd0\xb5 \xd0\
\xba \xd0\xbf\xd1\x80\xd0\xbe\xd0\xb8\xd1\x81\xd1\x85\xd0\xbe\
\xd0\xb4\xd1\x8f\xd1\x89\xd0\xb5\xd0\xbc\xd1\x83.\x0a\xd0\x9f\
\xd0\xb5\xd1\x80\xd1\x81\xd0\xbe\xd0\xbd\xd0\xb0\xd0\xb6\xd0\xb8\
 \xd0\xbc\xd0\xbe\xd0\xb3\xd1\x83\xd1\x82 \xd0\xb1\xd1\x8b\
\xd1\x82\xd1\x8c \xd0\xbd\xd0\xb5\xd0\xbe\xd0\xb4\xd0\xbd\xd0\
\xbe\xd0\xb7\xd0\xbd\xd0\xb0\xd1\x87\xd0\xbd\xd1\x8b\xd0\xbc\xd0\
\xb8 \xd0\xb8 \xd0\xbd\xd0\xb5 \xd0\xbe\xd0\xb1\xd1\x8f\
\xd0\xb7\xd0\xb0\xd0\xbd\xd1\x8b \xd0\xb1\xd1\x8b\xd1\x82\xd1\
\x8c \xc2\xab\xd1\x85\xd0\xbe\xd1\x80\xd0\xbe\xd1\x88\xd0\xb8\
\xd0\xbc\xd0\xb8\xc2\xbb \xd0\xb8\xd0\xbb\xd0\xb8 \xc2\xab\
\xd0\xbf\xd0\xbb\xd0\xbe\xd1\x85\xd0\xb8\xd0\xbc\xd0\xb8\xc2\xbb\
.\x0a\x0a- \xd0\x9f\xd1\x80\xd0\xb5\xd0\xb4\xd0\xbc\xd0\
\xb5\xd1\x82\xd1\x8b\x0a\xd0\x92\xd0\xb0\xd0\xb6\xd0\xbd\xd1\x8b\
\xd0\xb5 \xd0\xb4\xd0\xbb\xd1\x8f \xd0\xba\xd0\xb2\xd0\xb5\
\xd1\x81\xd1\x82\xd0\xb0 \xd0\xbe\xd0\xb1\xd1\x8a\xd0\xb5\xd0\
\xba\xd1\x82\xd1\x8b: \xd0\xba\xd0\xb2\xd0\xb5\xd1\x81\xd1\
\x82\xd0\xbe\xd0\xb2\xd1\x8b\xd0\xb5 \xd0\xbf\xd1\x80\xd0\xb5\
\xd0\xb4\xd0\xbc\xd0\xb5\xd1\x82\xd1\x8b, \xd0\xb0\xd1\x80\
\xd1\x82\xd0\xb5\xd1\x84\xd0\xb0\xd0\xba\xd1\x82\xd1\x8b,\x0a\
\xd0\xb7\xd0\xb0\xd0\xbf\xd0\xb8\xd1\x81\xd0\xba\xd0\xb8, \
\xd1\x83\xd1\x81\xd1\x82\xd1\x80\xd0\xbe\xd0\xb9\xd1\x81\xd1\x82\
\xd0\xb2\xd0\xb0 \xd0\xb8\xd0\xbb\xd0\xb8 \xd0\xb4\xd1\x80\
\xd1\x83\xd0\xb3\xd0\xb8\xd0\xb5 \xd1\x8d\xd0\xbb\xd0\xb5\xd0\
\xbc\xd0\xb5\xd0\xbd\xd1\x82\xd1\x8b, \xd1\x87\xd0\xb5\xd1\
\x80\xd0\xb5\xd0\xb7 \xd0\xba\xd0\xbe\xd1\x82\xd0\xbe\xd1\x80\
\xd1\x8b\xd0\xb5 \xd1\x80\xd0\xb0\xd1\x81\xd0\xba\xd1\x80\xd1\
\x8b\xd0\xb2\xd0\xb0\xd0\xb5\xd1\x82\xd1\x81\xd1\x8f \xd0\xb8\
\xd0\xb4\xd0\xb5\xd1\x8f \xd0\xba\xd0\xb2\xd0\xb5\xd1\x81\xd1\
\x82\xd0\xb0.\x0a\x0a- \xd0\x98\xd1\x81\xd0\xbf\xd1\x8b\
\xd1\x82\xd0\xb0\xd0\xbd\xd0\xb8\xd1\x8f\x0a\xd0\x98\xd0\xb3\xd1\
\x80\xd0\xbe\xd0\xb2\xd1\x8b\xd0\xb5 \xd0\xb8\xd1\x81\xd0\xbf\
\xd1\x8b\xd1\x82\xd0\xb0\xd0\xbd\xd0\xb8\xd1\x8f \xd0\xb8 \
\xd0\xbf\xd1\x80\xd0\xb5\xd0\xbe\xd0\xb4\xd0\xbe\xd0\xbb\xd0\xb8\
\xd0\xbc\xd1\x8b\xd0\xb5 \xd1\x82\xd1\x80\xd1\x83\xd0\xb4\xd0\
\xbd\xd0\xbe\xd1\x81\xd1\x82\xd0\xb8, \xd1\x81\xd0\xbe\xd0\
\xb7\xd0\xb4\xd0\xb0\xd1\x8e\xd1\x89\xd0\xb8\xd0\xb5 \xd0\xb4\
\xd0\xb0\xd0\xb2\xd0\xbb\xd0\xb5\xd0\xbd\xd0\xb8\xd0\xb5 \xd0\
\xbd\xd0\xb0 \xd0\xb8\xd0\xb3\xd1\x80\xd0\xbe\xd0\xba\xd0\xb0\
 \xd0\xb2 \xd1\x85\xd0\xbe\xd0\xb4\xd0\xb5 \xd0\xb2\xd1\
\x8b\xd0\xbf\xd0\xbe\xd0\xbb\xd0\xbd\xd0\xb5\xd0\xbd\xd0\xb8\xd1\
\x8f \xd0\xba\xd0\xb2\xd0\xb5\xd1\x81\xd1\x82\xd0\xb0\x0a(\
\xd0\xbe\xd0\xbf\xd0\xb0\xd1\x81\xd0\xbd\xd0\xbe\xd1\x81\xd1\x82\
\xd0\xb8, \xd0\xbe\xd0\xb3\xd1\x80\xd0\xb0\xd0\xbd\xd0\xb8\
\xd1\x87\xd0\xb5\xd0\xbd\xd0\xb8\xd1\x8f \xd1\x80\xd0\xb5\xd1\
\x81\xd1\x83\xd1\x80\xd1\x81\xd0\xbe\xd0\xb2, \xd1\x80\xd0\
\xb8\xd1\x81\xd0\xba, \xd0\xbc\xd0\xbe\xd1\x80\xd0\xb0\xd0\
\xbb\xd1\x8c\xd0\xbd\xd1\x8b\xd0\xb9 \xd0\xb2\xd1\x8b\xd0\xb1\
\xd0\xbe\xd1\x80).\x0a\
"

qt_resource_name = b"\
\x00\x06\
\x07ydt\
\x00p\
\x00r\x00o\x00m\x00p\x00t\
\x00\x08\
\x06\x91\xdc\xa7\
\x00w\
\x00o\x00r\x00k\x00f\x00l\x00o\x00w\
\x00\x04\
\x00\x06\xfa^\
\x00i\
\x00c\x00o\x00n\
\x00\x08\
\x0aaB\x7f\
\x00i\
\x00c\x00o\x00n\x00.\x00i\x00c\x00o\
\x00\x09\
\x06\x15\xc9\x1e\
\x00i\
\x00c\x00o\x00n\x00.\x00j\x00s\x00o\x00n\
\x00\x0c\
\x06\xdd\x14\xb4\
\x00m\
\x00e\x00t\x00a\x00d\x00a\x00t\x00a\x00.\x00t\x00x\x00t\
\x00\x08\
\x0aaV\x14\
\x00i\
\x00c\x00o\x00n\x00.\x00t\x00x\x00t\
\x00\x0b\
\x0c\xa3\x92\xd4\
\x00c\
\x00o\x00n\x00c\x00e\x00p\x00t\x00.\x00t\x00x\x00t\
"

qt_resource_struct = b"\
\x00\x00\x00\x00\x00\x02\x00\x00\x00\x03\x00\x00\x00\x01\
\x00\x00\x00\x00\x00\x00\x00\x00\
\x00\x00\x00(\x00\x02\x00\x00\x00\x01\x00\x00\x00\x08\
\x00\x00\x00\x00\x00\x00\x00\x00\
\x00\x00\x00\x12\x00\x02\x00\x00\x00\x01\x00\x00\x00\x07\
\x00\x00\x00\x00\x00\x00\x00\x00\
\x00\x00\x00\x00\x00\x02\x00\x00\x00\x03\x00\x00\x00\x04\
\x00\x00\x00\x00\x00\x00\x00\x00\
\x00\x00\x00d\x00\x00\x00\x00\x00\x01\x00\x00\x83\xdf\
\x00\x00\x01\xa0\x96S?\xab\
\x00\x00\x00\x82\x00\x00\x00\x00\x00\x01\x00\x00\x88\xd4\
\x00\x00\x01\xa0\x96S?\xab\
\x00\x00\x00\x98\x00\x00\x00\x00\x00\x01\x00\x00\x8f\xe4\
\x00\x00\x01\xa0\x96S?\xaa\
\x00\x00\x00L\x00\x01\x00\x00\x00\x01\x00\x00\x80\xee\
\x00\x00\x01\xa0\x96S?\xb0\
\x00\x00\x006\x00\x01\x00\x00\x00\x01\x00\x00\x00\x00\
\x00\x00\x01\xa0\x96S?\xa6\
"

def qInitResources():
    QtCore.qRegisterResourceData(0x03, qt_resource_struct, qt_resource_name, qt_resource_data)

def qCleanupResources():
    QtCore.qUnregisterResourceData(0x03, qt_resource_struct, qt_resource_name, qt_resource_data)

qInitResources()
